playerKey,fantacalcioId,playerName,classicRole,mantraRoles,realTeam,fantasyRoster,fbrefId,fbrefName,fbrefUrl,mappingStatus,statsStatus,competition,matches,starts,minutes,goals,assists,xg,npxg,xa,xag,yellowCards,redCards,sourceUrl,sourceUpdatedAt,statsNotes
fc-5585,5585,Malen,A,A,ROM,Ac Milan,116c35df,Donyell Malen,https://fbref.com/en/players/116c35df/Donyell-Malen,confirmed,empty-template,Serie A,,,,,,,,,,,,,,
fc-254,254,Dimarco,D,E,INT,River Plaid,970b8574,Federico Dimarco,https://fbref.com/en/players/970b8574/Federico-Dimarco,confirmed,empty-template,Serie A,,,,,,,,,,,,,,
fc-2764,2764,Martinez L.,A,Pc,INT,Prestige Worldwide,f7036e1c,Lautaro Martínez,https://fbref.com/en/players/f7036e1c/Lautaro-Martinez,confirmed,empty-template,Serie A,,,,,,,,,,,,,,
fc-4871,4871,Thuram,A,Pc,INT,River Plaid,6f8cd6d0,Marcus Thuram,https://fbref.com/en/players/6f8cd6d0/Marcus-Thuram,confirmed,empty-template,Serie A,,,,,,,,,,,,,,
fc-6875,6875,Paz N.,C,T/A,COM,FC DueFratelli2005,01bb93d5,Nicolás Paz,https://fbref.com/en/players/01bb93d5/Nicolas-Paz,confirmed,empty-template,Serie A,,,,,,,,,,,,,,
fc-4777,4777,McTominay,C,C/T,NAP,Beetlejuice,d93c2511,Scott McTominay,https://fbref.com/en/players/d93c2511/Scott-McTominay,confirmed,empty-template,Serie A,,,,,,,,,,,,,,
fc-6052,6052,Hojlund,A,Pc,NAP,Beetlejuice,491a433d,Rasmus Højlund,https://fbref.com/en/players/491a433d/Rasmus-Hojlund,confirmed,empty-template,Serie A,,,,,,,,,,,,,,
fc-7017,7017,Douvikas,A,Pc,COM,As Paperopoli,853ca71c,Anastasios Douvikas,https://fbref.com/en/players/853ca71c/Anastasios-Douvikas,confirmed,empty-template,Serie A,,,,,,,,,,,,,,
fc-2379,2379,Rabiot,C,C/T,MIL,Ac Milan,8794e251,Adrien Rabiot,https://fbref.com/en/players/8794e251/Adrien-Rabiot,confirmed,empty-template,Serie A,,,,,,,,,,,,,,
fc-2194,2194,Calhanoglu,C,M/C,INT,River Plaid,cd0fa27b,Hakan Çalhanoğlu,https://fbref.com/en/players/cd0fa27b/Hakan-Calhanoglu,confirmed,empty-template,Serie A,,,,,,,,,,,,,,
fc-6434,6434,Yildiz,A,A,JUV,Olympic Salerno  FC,d8cda243,Kenan Yıldız,https://fbref.com/en/players/d8cda243/Kenan-Yildiz,confirmed,empty-template,Serie A,,,,,,,,,,,,,,
fc-2167,2167,Orsolini,C,W/A,BOL,Prestige Worldwide,e14ec482,Riccardo Orsolini,https://fbref.com/en/players/e14ec482/Riccardo-Orsolini,confirmed,empty-template,Serie A,,,,,,,,,,,,,,
fc-5637,5637,Davis K.,A,Pc,UDI,River Plaid,9deaf2c8,Keinan Davis,https://fbref.com/en/players/9deaf2c8/Keinan-Davis,confirmed,empty-template,Serie A,,,,,,,,,,,,,,
fc-4973,4973,McKennie,C,M/C,JUV,real mappine,01c3aff5,Weston McKennie,https://fbref.com/en/players/01c3aff5/Weston-McKennie,confirmed,empty-template,Serie A,,,,,,,,,,,,,,
fc-5841,5841,Svilar,P,Por,ROM,FC DueFratelli2005,bcf5058a,Mile Svilar,https://fbref.com/en/players/bcf5058a/Mile-Svilar,confirmed,empty-template,Serie A,,,,,,,,,,,,,,
fc-2841,2841,Vlahovic,A,Pc,JUV,Olympic Salerno  FC,79443529,Dušan Vlahović,https://fbref.com/en/players/79443529/Dusan-Vlahovic,confirmed,empty-template,Serie A,,,,,,,,,,,,,,
fc-5687,5687,Vlasic,C,T,TOR,FC DueFratelli2005,aa8e289e,Nikola Vlašić,https://fbref.com/en/players/aa8e289e/Nikola-Vlasic,confirmed,empty-template,Serie A,,,,,,,,,,,,,,
fc-2766,2766,Zaniolo,C,T/A,UDI,Olympic Salerno  FC,9907b1c8,Nicolò Zaniolo,https://fbref.com/en/players/9907b1c8/Nicolo-Zaniolo,confirmed,empty-template,Serie A,,,,,,,,,,,,,,
fc-2423,2423,Pulisic,C,T/A,MIL,Prestige Worldwide,1bf33a9a,Christian Pulisic,https://fbref.com/en/players/1bf33a9a/Christian-Pulisic,confirmed,empty-template,Serie A,,,,,,,,,,,,,,
fc-2061,2061,Simeone,A,Pc,TOR,River Plaid,343c0d52,Giovanni Simeone,https://fbref.com/en/players/343c0d52/Giovanni-Simeone,confirmed,empty-template,Serie A,,,,,,,,,,,,,,
fc-6435,6435,Krstovic,A,Pc,ATA,Ac Milan,473803c9,Nikola Krstović,https://fbref.com/en/players/473803c9/Nikola-Krstovic,confirmed,empty-template,Serie A,,,,,,,,,,,,,,
fc-2137,2137,Scamacca,A,Pc,ATA,FC DueFratelli2005,8790f988,Gianluca Scamacca,https://fbref.com/en/players/8790f988/Gianluca-Scamacca,confirmed,empty-template,Serie A,,,,,,,,,,,,,,
fc-7126,7126,Baturina,C,T,COM,Olympic Salerno  FC,d1eda5f0,Martin Baturina,https://fbref.com/en/players/d1eda5f0/Martin-Baturina,confirmed,empty-template,Serie A,,,,,,,,,,,,,,
fc-6966,6966,Butez,P,Por,COM,Beetlejuice,7f40333d,Jean Butez,https://fbref.com/en/players/7f40333d/Jean-Butez,confirmed,empty-template,Serie A,,,,,,,,,,,,,,
fc-2517,2517,De Bruyne,C,T,NAP,As Paperopoli,e46012d4,Kevin De Bruyne,https://fbref.com/en/players/e46012d4/Kevin-De-Bruyne,confirmed,empty-template,Serie A,,,,,,,,,,,,,,
fc-531,531,Berardi,A,A,SAS,Prestige Worldwide,53a0e358,Domenico Berardi,https://fbref.com/en/players/53a0e358/Domenico-Berardi,confirmed,empty-template,Serie A,,,,,,,,,,,,,,
fc-2606,2606,Modric,C,C,MIL,River Plaid,6025fab1,Luka Modrić,https://fbref.com/en/players/6025fab1/Luka-Modric,confirmed,empty-template,Serie A,,,,,,,,,,,,,,
fc-4312,4312,Maignan,P,Por,MIL,real mappine,fcb38f57,Mike Maignan,https://fbref.com/en/players/fcb38f57/Mike-Maignan,confirmed,empty-template,Serie A,,,,,,,,,,,,,,
fc-5734,5734,Soulè,A,A,ROM,Prestige Worldwide,c13ddd3e,Matìas Soulé,https://fbref.com/en/players/c13ddd3e/Matias-Soule,confirmed,empty-template,Serie A,,,,,,,,,,,,,,
fc-6908,6908,Atta,C,C,UDI,real mappine,d3ddf88b,Arthur Atta,https://fbref.com/en/players/d3ddf88b/Arthur-Atta,confirmed,empty-template,Serie A,,,,,,,,,,,,,,
fc-6060,6060,Laurientè,A,A,SAS,Real Pisistrius,2d22cea7,Armand Lauriente,https://fbref.com/en/players/2d22cea7/Armand-Lauriente,confirmed,empty-template,Serie A,,,,,,,,,,,,,,
fc-4510,4510,Leao,A,A,MIL,Beetlejuice,20730eae,Rafael Leão,https://fbref.com/en/players/20730eae/Rafael-Leao,confirmed,empty-template,Serie A,,,,,,,,,,,,,,
fc-5559,5559,Da Cunha,C,C/W/T,COM,Afc Severgas Baronissi,007faf7a,Lucas Da Cunha,https://fbref.com/en/players/007faf7a/Lucas-Da-Cunha,confirmed,empty-template,Serie A,,,,,,,,,,,,,,
fc-4431,4431,Carnesecchi,P,Por,ATA,Olympic Salerno  FC,8ec56e62,Marco Carnesecchi,https://fbref.com/en/players/8ec56e62/Marco-Carnesecchi,confirmed,empty-template,Serie A,,,,,,,,,,,,,,
fc-6832,6832,Palestra,D,E,CAG,Olympic Salerno  FC,1f1828dd,Marco Palestra,https://fbref.com/en/players/1f1828dd/Marco-Palestra,confirmed,empty-template,Serie A,,,,,,,,,,,,,,
fc-2788,2788,Bremer,D,Dc,JUV,Olympic Salerno  FC,5fd5ed86,Gleison Bremer,https://fbref.com/en/players/5fd5ed86/Gleison-Bremer,confirmed,empty-template,Serie A,,,,,,,,,,,,,,
fc-4463,4463,Esposito Se.,A,A,CAG,Prestige Worldwide,7ff93107,Sebastiano Esposito,https://fbref.com/en/players/7ff93107/Sebastiano-Esposito,confirmed,empty-template,Serie A,,,,,,,,,,,,,,
fc-4976,4976,Kalulu,D,Dd/Dc,JUV,real mappine,85f7d1be,Pierre Kalulu,https://fbref.com/en/players/85f7d1be/Pierre-Kalulu,confirmed,empty-template,Serie A,,,,,,,,,,,,,,
fc-7023,7023,Pellegrino M.,A,Pc,PAR,Olympic Salerno  FC,8c9e96c5,Mateo Pellegrino,https://fbref.com/en/players/8c9e96c5/Mateo-Pellegrino,confirmed,empty-template,Serie A,,,,,,,,,,,,,,
fc-6717,6717,Konè I.,C,M/C,SAS,Beetlejuice,e0220b70,Ismaël Koné,https://fbref.com/en/players/e0220b70/Ismael-Kone,confirmed,empty-template,Serie A,,,,,,,,,,,,,,
fc-6884,6884,Conceicao,C,W/A,JUV,Afc Severgas Baronissi,5ef3d210,Francisco Conceição,https://fbref.com/en/players/5ef3d210/Francisco-Conceicao,confirmed,empty-template,Serie A,,,,,,,,,,,,,,
fc-4159,4159,Akanji,D,Dc,INT,Prestige Worldwide,89ac64a6,Manuel Akanji,https://fbref.com/en/players/89ac64a6/Manuel-Akanji,confirmed,empty-template,Serie A,,,,,,,,,,,,,,
fc-1933,1933,Mandragora,C,M/C,FIO,real mappine,c7259b83,Rolando Mandragora,https://fbref.com/en/players/c7259b83/Rolando-Mandragora,confirmed,empty-template,Serie A,,,,,,,,,,,,,,
fc-152,152,Zielinski,C,C/T,INT,Real Pisistrius,a5296e55,Piotr Zieliński,https://fbref.com/en/players/a5296e55/Piotr-Zielinski,confirmed,empty-template,Serie A,,,,,,,,,,,,,,
fc-5022,5022,Pavlovic,D,Dc,MIL,Olympic Salerno  FC,25146df0,Strahinja Pavlović,https://fbref.com/en/players/25146df0/Strahinja-Pavlovic,confirmed,empty-template,Serie A,,,,,,,,,,,,,,
fc-2428,2428,Sommer,P,Por,INT,Afc Severgas Baronissi,420c18a1,Yann Sommer,https://fbref.com/en/players/420c18a1/Yann-Sommer,confirmed,empty-template,Serie A,,,,,,,,,,,,,,
fc-5995,5995,De Ketelaere,A,A,ATA,FC DueFratelli2005,2ef7c612,Charles De Ketelaere,https://fbref.com/en/players/2ef7c612/Charles-De-Ketelaere,confirmed,empty-template,Serie A,,,,,,,,,,,,,,
fc-1870,1870,Barella,C,C,INT,Prestige Worldwide,6928979a,Nicolò Barella,https://fbref.com/en/players/6928979a/Nicolo-Barella,confirmed,empty-template,Serie A,,,,,,,,,,,,,,
fc-5513,5513,Dumfries,D,E,INT,Prestige Worldwide,481c9ece,Denzel Dumfries,https://fbref.com/en/players/481c9ece/Denzel-Dumfries,confirmed,empty-template,Serie A,,,,,,,,,,,,,,
fc-2038,2038,Pinamonti,A,Pc,SAS,Ac Milan,08aa9cd1,Andrea Pinamonti,https://fbref.com/en/players/08aa9cd1/Andrea-Pinamonti,confirmed,empty-template,Serie A,,,,,,,,,,,,,,
fc-6956,6956,Solet,D,Dc,UDI,Real Pisistrius,0670ee51,Oumar Solet,https://fbref.com/en/players/0670ee51/Oumar-Solet,confirmed,empty-template,Serie A,,,,,,,,,,,,,,
fc-7351,7351,Santos A.,C,W/A,NAP,FC DueFratelli2005,c67e9194,Alisson Santos,https://fbref.com/en/players/c67e9194/Alisson-Santos,confirmed,empty-template,Serie A,,,,,,,,,,,,,,
fc-2296,2296,Mancini,D,Dc,ROM,Ac Milan,5aa53281,Gianluca Mancini,https://fbref.com/en/players/5aa53281/Gianluca-Mancini,confirmed,empty-template,Serie A,,,,,,,,,,,,,,
fc-7314,7314,Taylor K.,C,C/T,LAZ,Olympic Salerno  FC,ad9b2747,Kenneth Taylor,https://fbref.com/en/players/ad9b2747/Kenneth-Taylor,confirmed,empty-template,Serie A,,,,,,,,,,,,,,
fc-6684,6684,Ekkelenkamp,C,C/T,UDI,Afc Severgas Baronissi,73d6a176,Jurgen Ekkelenkamp,https://fbref.com/en/players/73d6a176/Jurgen-Ekkelenkamp,confirmed,empty-template,Serie A,,,,,,,,,,,,,,
fc-4317,4317,N'Dicka,D,Dc,ROM,Ac Milan,441197b8,Obite N'Dicka,https://fbref.com/en/players/441197b8/Obite-NDicka,confirmed,empty-template,Serie A,,,,,,,,,,,,,,
fc-309,309,Dybala,A,A,ROM,Real Pisistrius,e0921a4f,Paulo Dybala,https://fbref.com/en/players/e0921a4f/Paulo-Dybala,confirmed,empty-template,Serie A,,,,,,,,,,,,,,
fc-6151,6151,Perrone,C,M/C,COM,Ac Milan,53552942,Máximo Perrone,https://fbref.com/en/players/53552942/Maximo-Perrone,confirmed,empty-template,Serie A,,,,,,,,,,,,,,
fc-4486,4486,Strefezza,C,W/A,PAR,Afc Severgas Baronissi,ac4a4508,Gabriel Strefezza,https://fbref.com/en/players/ac4a4508/Gabriel-Strefezza,confirmed,empty-template,Serie A,,,,,,,,,,,,,,
fc-5750,5750,Ostigard,D,Dc,GEN,Prestige Worldwide,b35a7399,Leo Skiri Østigård,https://fbref.com/en/players/b35a7399/Leo-Skiri-Ostigard,confirmed,empty-template,Serie A,,,,,,,,,,,,,,
fc-6844,6844,Rowe,C,W/T,BOL,Ac Milan,8c12f884,Jonathan Rowe,https://fbref.com/en/players/8c12f884/Jonathan-Rowe,confirmed,empty-template,Serie A,,,,,,,,,,,,,,
fc-827,827,Locatelli,C,M/C,JUV,Beetlejuice,a8a874f1,Manuel Locatelli,https://fbref.com/en/players/a8a874f1/Manuel-Locatelli,confirmed,empty-template,Serie A,,,,,,,,,,,,,,
fc-7181,7181,Wesley,D,E,ROM,Afc Severgas Baronissi,f2c49c79,Wesley,https://fbref.com/en/players/f2c49c79/Wesley,confirmed,empty-template,Serie A,,,,,,,,,,,,,,
fc-4409,4409,Rrahmani,D,Dc,NAP,Olympic Salerno  FC,4b3e1a38,Amir Rrahmani,https://fbref.com/en/players/4b3e1a38/Amir-Rrahmani,confirmed,empty-template,Serie A,,,,,,,,,,,,,,
fc-4728,4728,Nkunku,A,A,MIL,real mappine,7c56da38,Christopher Nkunku,https://fbref.com/en/players/7c56da38/Christopher-Nkunku,confirmed,empty-template,Serie A,,,,,,,,,,,,,,
fc-7071,7071,Esposito F.P.,A,Pc,INT,Olympic Salerno  FC,041e5f1f,Francesco Esposito,https://fbref.com/en/players/041e5f1f/Francesco-Esposito,confirmed,empty-template,Serie A,,,,,,,,,,,,,,
fc-5562,5562,Thuram K.,C,M/C,JUV,real mappine,7d9397f8,Khéphren Thuram,https://fbref.com/en/players/7d9397f8/Khephren-Thuram,confirmed,empty-template,Serie A,,,,,,,,,,,,,,
fc-6217,6217,Bisseck,D,Dc,INT,real mappine,3963c25b,Yann Aurel Bisseck,https://fbref.com/en/players/3963c25b/Yann-Aurel-Bisseck,confirmed,empty-template,Serie A,,,,,,,,,,,,,,
fc-2097,2097,Kean,A,Pc,FIO,Olympic Salerno  FC,3d50bcdb,Moise Kean,https://fbref.com/en/players/3d50bcdb/Moise-Kean,confirmed,empty-template,Serie A,,,,,,,,,,,,,,
fc-505,505,Bonazzoli,A,A,CRE,Prestige Worldwide,bf57eaab,Federico Bonazzoli,https://fbref.com/en/players/bf57eaab/Federico-Bonazzoli,confirmed,empty-template,Serie A,,,,,,,,,,,,,,
fc-5844,5844,Thorstvedt,C,C/T,SAS,Ac Milan,76ff8d0d,Kristian Thorstvedt,https://fbref.com/en/players/76ff8d0d/Kristian-Thorstvedt,confirmed,empty-template,Serie A,,,,,,,,,,,,,,
fc-2120,2120,Bastoni,D,Dc,INT,real mappine,75b86fb3,Alessandro Bastoni,https://fbref.com/en/players/75b86fb3/Alessandro-Bastoni,confirmed,empty-template,Serie A,,,,,,,,,,,,,,
fc-5589,5589,Konè M.,C,M/C,ROM,Olympic Salerno  FC,86574238,Manu Koné,https://fbref.com/en/players/86574238/Manu-Kone,confirmed,empty-template,Serie A,,,,,,,,,,,,,,
fc-4923,4923,Colombo,A,Pc,GEN,FC DueFratelli2005,04df29a5,Lorenzo Colombo,https://fbref.com/en/players/04df29a5/Lorenzo-Colombo,confirmed,empty-template,Serie A,,,,,,,,,,,,,,
fc-4371,4371,Raspadori,A,A,ATA,Real Pisistrius,6e058f06,Giacomo Raspadori,https://fbref.com/en/players/6e058f06/Giacomo-Raspadori,confirmed,empty-template,Serie A,,,,,,,,,,,,,,
fc-2832,2832,Boga,A,W/A,JUV,Afc Severgas Baronissi,fe012aca,Jeremie Boga,https://fbref.com/en/players/fe012aca/Jeremie-Boga,confirmed,empty-template,Serie A,,,,,,,,,,,,,,
fc-2170,2170,Milinkovic-Savic V.,P,Por,NAP,Beetlejuice,9fa26bc2,Vanja Milinković-Savić,https://fbref.com/en/players/9fa26bc2/Vanja-Milinkovic-Savic,confirmed,empty-template,Serie A,,,,,,,,,,,,,,
fc-4892,4892,Saelemaekers,C,E/W,MIL,As Paperopoli,ee251371,Alexis Saelemaekers,https://fbref.com/en/players/ee251371/Alexis-Saelemaekers,confirmed,empty-template,Serie A,,,,,,,,,,,,,,
fc-6398,6398,Isaksen,C,W/A,LAZ,FC DueFratelli2005,5715bb71,Gustav Isaksen,https://fbref.com/en/players/5715bb71/Gustav-Isaksen,confirmed,empty-template,Serie A,,,,,,,,,,,,,,
fc-5800,5800,Gudmundsson A.,C,T/A,FIO,Ac Milan,b79858d5,Albert Guðmundsson,https://fbref.com/en/players/b79858d5/Albert-Gudmundsson,confirmed,empty-template,Serie A,,,,,,,,,,,,,,
fc-4465,4465,Fagioli,C,C,FIO,FC DueFratelli2005,366be751,Nicolò Fagioli,https://fbref.com/en/players/366be751/Nicolo-Fagioli,confirmed,empty-template,Serie A,,,,,,,,,,,,,,
fc-2134,2134,Falcone,P,Por,LEC,River Plaid,9f5a610b,Wladimiro Falcone,https://fbref.com/en/players/9f5a610b/Wladimiro-Falcone,confirmed,empty-template,Serie A,,,,,,,,,,,,,,
fc-4427,4427,Malinovskyi,C,C/T,GEN,Real Pisistrius,48d5bd33,Ruslan Malinovskyi,https://fbref.com/en/players/48d5bd33/Ruslan-Malinovskyi,confirmed,empty-template,Serie A,,,,,,,,,,,,,,
fc-7347,7347,Bowie,A,A,VER,,6dd87204,Kieron Bowie,https://fbref.com/en/players/6dd87204/Kieron-Bowie,confirmed,empty-template,Serie A,,,,,,,,,,,,,,
fc-184,184,Bernardeschi,C,W/A,BOL,Prestige Worldwide,ee93c1a9,Federico Bernardeschi,https://fbref.com/en/players/ee93c1a9/Federico-Bernardeschi,confirmed,empty-template,Serie A,,,,,,,,,,,,,,
fc-1852,1852,Spinazzola,D,Ds/E,NAP,Prestige Worldwide,3626daea,Leonardo Spinazzola,https://fbref.com/en/players/3626daea/Leonardo-Spinazzola,confirmed,empty-template,Serie A,,,,,,,,,,,,,,
fc-2499,2499,Vardy,A,Pc,CRE,Ac Milan,45963054,Jamie Vardy,https://fbref.com/en/players/45963054/Jamie-Vardy,confirmed,empty-template,Serie A,,,,,,,,,,,,,,
fc-536,536,Politano,C,W,NAP,River Plaid,5e861944,Matteo Politano,https://fbref.com/en/players/5e861944/Matteo-Politano,confirmed,empty-template,Serie A,,,,,,,,,,,,,,
fc-6967,6967,Diao,A,W/A,COM,Olympic Salerno  FC,8ae7d0ec,Assane Diao,https://fbref.com/en/players/8ae7d0ec/Assane-Diao,confirmed,empty-template,Serie A,,,,,,,,,,,,,,
fc-6572,6572,Castro S.,A,Pc,BOL,As Paperopoli,ee5565ae,Santiago Castro,https://fbref.com/en/players/ee5565ae/Santiago-Castro,confirmed,empty-template,Serie A,,,,,,,,,,,,,,
fc-5792,5792,Ederson D.S.,C,M/C,ATA,Prestige Worldwide,a9202def,Éderson,https://fbref.com/en/players/a9202def/Ederson,confirmed,empty-template,Serie A,,,,,,,,,,,,,,
fc-5885,5885,Dodò,D,E,FIO,Ac Milan,b5f7d10b,Dodô,https://fbref.com/en/players/b5f7d10b/Dodo,confirmed,empty-template,Serie A,,,,,,,,,,,,,,
fc-5876,5876,Di Gregorio,P,Por,JUV,Beetlejuice,4e0c8d66,Michele Di Gregorio,https://fbref.com/en/players/4e0c8d66/Michele-Di-Gregorio,confirmed,empty-template,Serie A,,,,,,,,,,,,,,
fc-5544,5544,David,A,Pc,JUV,real mappine,ce50fd99,Jonathan David,https://fbref.com/en/players/ce50fd99/Jonathan-David,confirmed,empty-template,Serie A,,,,,,,,,,,,,,
fc-2816,2816,Di Lorenzo,D,Dd/E,NAP,Afc Severgas Baronissi,230a2fac,Giovanni Di Lorenzo,https://fbref.com/en/players/230a2fac/Giovanni-Di-Lorenzo,confirmed,empty-template,Serie A,,,,,,,,,,,,,,
fc-2521,2521,De Gea,P,Por,FIO,River Plaid,7ba6d84e,David de Gea,https://fbref.com/en/players/7ba6d84e/David-de-Gea,confirmed,empty-template,Serie A,,,,,,,,,,,,,,
fc-7129,7129,Rodriguez Je.,A,W/A,COM,Afc Severgas Baronissi,f9f74e43,Jesus Rodríguez,https://fbref.com/en/players/f9f74e43/Jesus-Rodriguez,confirmed,empty-template,Serie A,,,,,,,,,,,,,,
fc-6766,6766,Kelly L.,D,Ds/Dc,JUV,real mappine,f31def1e,Lloyd Kelly,https://fbref.com/en/players/f31def1e/Lloyd-Kelly,confirmed,empty-template,Serie A,,,,,,,,,,,,,,
fc-779,779,Cristante,C,M/C,ROM,Afc Severgas Baronissi,16657b95,Bryan Cristante,https://fbref.com/en/players/16657b95/Bryan-Cristante,confirmed,empty-template,Serie A,,,,,,,,,,,,,,
fc-5514,5514,Vasquez,D,Ds/Dc,GEN,River Plaid,5eaed77a,Johan Vásquez,https://fbref.com/en/players/5eaed77a/Johan-Vasquez,confirmed,empty-template,Serie A,,,,,,,,,,,,,,
fc-5455,5455,Moreo,A,A,PIS,Ac Milan,7c52943c,Stefano Moreo,https://fbref.com/en/players/7c52943c/Stefano-Moreo,confirmed,empty-template,Serie A,,,,,,,,,,,,,,
fc-5674,5674,Basic,C,C,LAZ,Beetlejuice,80556f08,Toma Bašić,https://fbref.com/en/players/80556f08/Toma-Basic,confirmed,empty-template,Serie A,,,,,,,,,,,,,,
fc-632,632,Zaccagni,C,W/A,LAZ,Ac Milan,d85c238b,Mattia Zaccagni,https://fbref.com/en/players/d85c238b/Mattia-Zaccagni,confirmed,empty-template,Serie A,,,,,,,,,,,,,,
fc-6989,6989,Tiago Gabriel,D,Dc,LEC,Beetlejuice,19452285,Tiago Gabriel,https://fbref.com/en/players/19452285/Tiago-Gabriel,confirmed,empty-template,Serie A,,,,,,,,,,,,,,
fc-4807,4807,Hermoso,D,Dc,ROM,real mappine,555f3a0b,Mario Hermoso,https://fbref.com/en/players/555f3a0b/Mario-Hermoso,confirmed,empty-template,Serie A,,,,,,,,,,,,,,
fc-4734,4734,Miranda J.,D,Ds/E,BOL,As Paperopoli,ead61f73,Juan Miranda,https://fbref.com/en/players/ead61f73/Juan-Miranda,confirmed,empty-template,Serie A,,,,,,,,,,,,,,
fc-6556,6556,Noslin,A,A,LAZ,As Paperopoli,2f067cf2,Tijjani Noslin,https://fbref.com/en/players/2f067cf2/Tijjani-Noslin,confirmed,empty-template,Serie A,,,,,,,,,,,,,,
fc-530,530,Pellegrini Lo.,C,C/T,ROM,FC DueFratelli2005,4a5a45c7,Lorenzo Pellegrini,https://fbref.com/en/players/4a5a45c7/Lorenzo-Pellegrini,confirmed,empty-template,Serie A,,,,,,,,,,,,,,
fc-6646,6646,Adams C.,A,A,TOR,Real Pisistrius,f2bf1b0f,Che Adams,https://fbref.com/en/players/f2bf1b0f/Che-Adams,confirmed,empty-template,Serie A,,,,,,,,,,,,,,
fc-6439,6439,Cheddira,A,Pc,LEC,,0545a08e,Walid Cheddira,https://fbref.com/en/players/0545a08e/Walid-Cheddira,confirmed,empty-template,Serie A,,,,,,,,,,,,,,
fc-6666,6666,Bernabè,C,C,PAR,Olympic Salerno  FC,548672b4,Adrian Bernabe,https://fbref.com/en/players/548672b4/Adrian-Bernabe,confirmed,empty-template,Serie A,,,,,,,,,,,,,,
fc-5651,5651,Harrison,C,W,FIO,Ac Milan,aa849a12,Jack Harrison,https://fbref.com/en/players/aa849a12/Jack-Harrison,confirmed,empty-template,Serie A,,,,,,,,,,,,,,
fc-6869,6869,Ramon,D,Dc,COM,River Plaid,4772b1d1,Jacobo Ramón,https://fbref.com/en/players/4772b1d1/Jacobo-Ramon,confirmed,empty-template,Serie A,,,,,,,,,,,,,,
fc-6001,6001,Banda,A,W/A,LEC,Beetlejuice,8a6de8c7,Lameck Banda,https://fbref.com/en/players/8a6de8c7/Lameck-Banda,confirmed,empty-template,Serie A,,,,,,,,,,,,,,
fc-6294,6294,Ndour,C,M/C,FIO,Prestige Worldwide,3b88609d,Cher Ndour,https://fbref.com/en/players/3b88609d/Cher-Ndour,confirmed,empty-template,Serie A,,,,,,,,,,,,,,
fc-22,22,De Roon,C,M/C,ATA,Real Pisistrius,2a1beb34,Marten de Roon,https://fbref.com/en/players/2a1beb34/Marten-de-Roon,confirmed,empty-template,Serie A,,,,,,,,,,,,,,
fc-6664,6664,Delprato,D,B/Dd/E,PAR,FC DueFratelli2005,4c6f9258,Enrico Del Prato,https://fbref.com/en/players/4c6f9258/Enrico-Del-Prato,confirmed,empty-template,Serie A,,,,,,,,,,,,,,
fc-5862,5862,Valeri,D,Ds/E,PAR,Real Pisistrius,ec52b661,Emanuele Valeri,https://fbref.com/en/players/ec52b661/Emanuele-Valeri,confirmed,empty-template,Serie A,,,,,,,,,,,,,,
fc-5526,5526,Scalvini,D,Dc,ATA,Olympic Salerno  FC,1e9aa637,Giorgio Scalvini,https://fbref.com/en/players/1e9aa637/Giorgio-Scalvini,confirmed,empty-template,Serie A,,,,,,,,,,,,,,
fc-7070,7070,Sucic P.,C,C,INT,FC DueFratelli2005,23fb46ea,Petar Sučić,https://fbref.com/en/players/23fb46ea/Petar-Sucic,confirmed,empty-template,Serie A,,,,,,,,,,,,,,
fc-5504,5504,Coulibaly L.,C,M/C,LEC,Real Pisistrius,85a44ecc,Lassana Coulibaly,https://fbref.com/en/players/85a44ecc/Lassana-Coulibaly,confirmed,empty-template,Serie A,,,,,,,,,,,,,,
fc-4751,4751,Tomori,D,Dc,MIL,Prestige Worldwide,7edfbb8a,Fikayo Tomori,https://fbref.com/en/players/7edfbb8a/Fikayo-Tomori,confirmed,empty-template,Serie A,,,,,,,,,,,,,,
fc-6164,6164,Vitinha O.,A,Pc,GEN,real mappine,74d4cec6,Vitinha,https://fbref.com/en/players/74d4cec6/Vitinha,confirmed,empty-template,Serie A,,,,,,,,,,,,,,
fc-2489,2489,Pedro,A,A,LAZ,Beetlejuice,3ca7254a,Pedro,https://fbref.com/en/players/3ca7254a/Pedro,confirmed,empty-template,Serie A,,,,,,,,,,,,,,
fc-5888,5888,Casadei,C,C/T,TOR,Prestige Worldwide,fb920f3a,Cesare Casadei,https://fbref.com/en/players/fb920f3a/Cesare-Casadei,confirmed,empty-template,Serie A,,,,,,,,,,,,,,
fc-4896,4896,Maldini,C,T/A,LAZ,As Paperopoli,801831fe,Daniel Maldini,https://fbref.com/en/players/801831fe/Daniel-Maldini,confirmed,empty-template,Serie A,,,,,,,,,,,,,,
fc-4287,4287,Lobotka,C,M/C,NAP,River Plaid,e1cbb531,Stanislav Lobotka,https://fbref.com/en/players/e1cbb531/Stanislav-Lobotka,confirmed,empty-template,Serie A,,,,,,,,,,,,,,
fc-4220,4220,Zambo Anguissa,C,M/C,NAP,Beetlejuice,6bb2c084,Andre-Frank Zambo Anguissa,https://fbref.com/en/players/6bb2c084/Andre-Frank-Zambo-Anguissa,confirmed,empty-template,Serie A,,,,,,,,,,,,,,
fc-4360,4360,Caprile,P,Por,CAG,Prestige Worldwide,97d7afbd,Elia Caprile,https://fbref.com/en/players/97d7afbd/Elia-Caprile,confirmed,empty-template,Serie A,,,,,,,,,,,,,,
fc-572,572,Meret,P,Por,NAP,Olympic Salerno  FC,9413b19f,Alex Meret,https://fbref.com/en/players/9413b19f/Alex-Meret,confirmed,empty-template,Serie A,,,,,,,,,,,,,,
fc-5422,5422,Zalewski,C,E/W,ATA,Real Pisistrius,45191c29,Nicola Zalewski,https://fbref.com/en/players/45191c29/Nicola-Zalewski,confirmed,empty-template,Serie A,,,,,,,,,,,,,,
fc-2160,2160,Gosens,D,E,FIO,Beetlejuice,2d970560,Robin Gosens,https://fbref.com/en/players/2d970560/Robin-Gosens,confirmed,empty-template,Serie A,,,,,,,,,,,,,,
fc-7342,7342,Elphege,A,Pc,PAR,,a3f86b82,Nesta Elphege,https://fbref.com/en/players/a3f86b82/Nesta-Elphege,confirmed,empty-template,Serie A,,,,,,,,,,,,,,
fc-6380,6380,Solomon,A,W/A,FIO,Afc Severgas Baronissi,886f9aac,Manor Solomon,https://fbref.com/en/players/886f9aac/Manor-Solomon,confirmed,empty-template,Serie A,,,,,,,,,,,,,,
fc-6898,6898,Keita M.,C,M/C,PAR,As Paperopoli,f5692b25,Mandela Keita,https://fbref.com/en/players/f5692b25/Mandela-Keita,confirmed,empty-template,Serie A,,,,,,,,,,,,,,
fc-5036,5036,Caqueret,C,C/T,COM,River Plaid,f81ef10d,Maxence Caqueret,https://fbref.com/en/players/f81ef10d/Maxence-Caqueret,confirmed,empty-template,Serie A,,,,,,,,,,,,,,
fc-4686,4686,Fofana Y.,C,M/C,MIL,Real Pisistrius,822d51d7,Youssouf Fofana,https://fbref.com/en/players/822d51d7/Youssouf-Fofana,confirmed,empty-template,Serie A,,,,,,,,,,,,,,
fc-7155,7155,Muharemovic,D,Dc,SAS,real mappine,426dda23,Tarik Muharemovic,https://fbref.com/en/players/426dda23/Tarik-Muharemovic,confirmed,empty-template,Serie A,,,,,,,,,,,,,,
fc-6893,6893,Kempf,D,Dc,COM,Beetlejuice,815c314f,Marc-Oliver Kempf,https://fbref.com/en/players/815c314f/Marc-Oliver-Kempf,confirmed,empty-template,Serie A,,,,,,,,,,,,,,
fc-5620,5620,Tavares N.,D,Ds/E,LAZ,Ac Milan,a65c844b,Nuno Tavares,https://fbref.com/en/players/a65c844b/Nuno-Tavares,confirmed,empty-template,Serie A,,,,,,,,,,,,,,
fc-554,554,Zappacosta,D,E,ATA,River Plaid,7fe90ccd,Davide Zappacosta,https://fbref.com/en/players/7fe90ccd/Davide-Zappacosta,confirmed,empty-template,Serie A,,,,,,,,,,,,,,
fc-6190,6190,Pisilli,C,C,ROM,As Paperopoli,c84dcc88,Niccolò Pisilli,https://fbref.com/en/players/c84dcc88/Niccolo-Pisilli,confirmed,empty-template,Serie A,,,,,,,,,,,,,,
fc-5735,5735,Volpato,C,W/T,SAS,FC DueFratelli2005,72f87f25,Cristian Volpato,https://fbref.com/en/players/72f87f25/Cristian-Volpato,confirmed,empty-template,Serie A,,,,,,,,,,,,,,
fc-333,333,Cataldi,C,M/C,LAZ,River Plaid,ba3d3bea,Danilo Cataldi,https://fbref.com/en/players/ba3d3bea/Danilo-Cataldi,confirmed,empty-template,Serie A,,,,,,,,,,,,,,
fc-6986,6986,Rensch,D,B/Dd/E,ROM,Afc Severgas Baronissi,c5cbbcff,Devyne Rensch,https://fbref.com/en/players/c5cbbcff/Devyne-Rensch,confirmed,empty-template,Serie A,,,,,,,,,,,,,,
fc-6867,6867,Valle,D,Ds/E,COM,Afc Severgas Baronissi,97022551,Álex Valle,https://fbref.com/en/players/97022551/Alex-Valle,confirmed,empty-template,Serie A,,,,,,,,,,,,,,
fc-6550,6550,Garcia U.,D,B/Ds/E,SAS,,c952f633,Ulisses Garcia,https://fbref.com/en/players/c952f633/Ulisses-Garcia,confirmed,empty-template,Serie A,,,,,,,,,,,,,,
fc-5520,5520,Cambiaso,D,E,JUV,Prestige Worldwide,247ed022,Andrea Cambiaso,https://fbref.com/en/players/247ed022/Andrea-Cambiaso,confirmed,empty-template,Serie A,,,,,,,,,,,,,,
fc-7329,7329,Obrador,D,Ds/E,TOR,,949c3655,Rafel Obrador,https://fbref.com/en/players/949c3655/Rafel-Obrador,confirmed,empty-template,Serie A,,,,,,,,,,,,,,
fc-5833,5833,Gila,D,Dc,LAZ,,9c435456,Mario Gila,https://fbref.com/en/players/9c435456/Mario-Gila,confirmed,empty-template,Serie A,,,,,,,,,,,,,,
fc-460,460,Romagnoli,D,Dc,LAZ,Ac Milan,3ead85f9,Alessio Romagnoli,https://fbref.com/en/players/3ead85f9/Alessio-Romagnoli,confirmed,empty-template,Serie A,,,,,,,,,,,,,,
fc-7374,7374,Mendy P.,A,Pc,CAG,,2bf26d08,Paul Mendy,https://fbref.com/en/players/2bf26d08/Paul-Mendy,confirmed,empty-template,Serie A,,,,,,,,,,,,,,
fc-6669,6669,Bonny,A,Pc,INT,River Plaid,64629ba4,Ange-Yoan Bonny,https://fbref.com/en/players/64629ba4/Ange-Yoan-Bonny,confirmed,empty-template,Serie A,,,,,,,,,,,,,,
fc-6552,6552,Orban G.,A,Pc,VER,As Paperopoli,de17db90,Gift Orban,https://fbref.com/en/players/de17db90/Gift-Orban,confirmed,empty-template,Serie A,,,,,,,,,,,,,,
fc-6243,6243,Borrelli,A,Pc,CAG,Ac Milan,04c4edc1,Gennaro Borrelli,https://fbref.com/en/players/04c4edc1/Gennaro-Borrelli,confirmed,empty-template,Serie A,,,,,,,,,,,,,,
fc-5336,5336,Nzola,A,Pc,SAS,Beetlejuice,a4948e67,M'Bala Nzola,https://fbref.com/en/players/a4948e67/MBala-Nzola,confirmed,empty-template,Serie A,,,,,,,,,,,,,,
fc-4359,4359,Piccoli,A,Pc,FIO,Beetlejuice,1cadaf34,Roberto Piccoli,https://fbref.com/en/players/1cadaf34/Roberto-Piccoli,confirmed,empty-template,Serie A,,,,,,,,,,,,,,
fc-608,608,Zapata D.,A,Pc,TOR,River Plaid,d3de9af0,Duván Zapata,https://fbref.com/en/players/d3de9af0/Duvan-Zapata,confirmed,empty-template,Serie A,,,,,,,,,,,,,,
fc-7133,7133,Vandeputte,C,W/T,CRE,Real Pisistrius,68e75bf4,Jari Vandeputte,https://fbref.com/en/players/68e75bf4/Jari-Vandeputte,confirmed,empty-template,Serie A,,,,,,,,,,,,,,
fc-6831,6831,Neres,C,W/A,NAP,Beetlejuice,4f1e6a0b,David Neres,https://fbref.com/en/players/4f1e6a0b/David-Neres,confirmed,empty-template,Serie A,,,,,,,,,,,,,,
fc-6680,6680,Karlstrom,C,M/C,UDI,,e0a1f4eb,Jesper Karlström,https://fbref.com/en/players/e0a1f4eb/Jesper-Karlstrom,confirmed,empty-template,Serie A,,,,,,,,,,,,,,
fc-5823,5823,Baldanzi,C,T/A,GEN,Ac Milan,102e2599,Tommaso Baldanzi,https://fbref.com/en/players/102e2599/Tommaso-Baldanzi,confirmed,empty-template,Serie A,,,,,,,,,,,,,,
fc-5791,5791,Frendrup,C,M/C,GEN,Olympic Salerno  FC,f4d60499,Morten Frendrup,https://fbref.com/en/players/f4d60499/Morten-Frendrup,confirmed,empty-template,Serie A,,,,,,,,,,,,,,
fc-4947,4947,Brescianini,C,C/T,FIO,real mappine,dfd56738,Marco Brescianini,https://fbref.com/en/players/dfd56738/Marco-Brescianini,confirmed,empty-template,Serie A,,,,,,,,,,,,,,
fc-4364,4364,Gaetano,C,T,CAG,FC DueFratelli2005,3b387cc7,Gianluca Gaetano,https://fbref.com/en/players/3b387cc7/Gianluca-Gaetano,confirmed,empty-template,Serie A,,,,,,,,,,,,,,
fc-4349,4349,Nicolussi Caviglia,C,M/C,PAR,River Plaid,b136c945,Hans Nicolussi Caviglia,https://fbref.com/en/players/b136c945/Hans-Nicolussi-Caviglia,confirmed,empty-template,Serie A,,,,,,,,,,,,,,
fc-6496,6496,Bartesaghi,D,Ds/E,MIL,Real Pisistrius,7e0b6c50,Davide Bartesaghi,https://fbref.com/en/players/7e0b6c50/Davide-Bartesaghi,confirmed,empty-template,Serie A,,,,,,,,,,,,,,
fc-5877,5877,Carlos Augusto,D,B/Ds/E,INT,Beetlejuice,8d3cd59d,Carlos Augusto,https://fbref.com/en/players/8d3cd59d/Carlos-Augusto,confirmed,empty-template,Serie A,,,,,,,,,,,,,,
fc-5555,5555,Kamara H.,D,Ds/E,UDI,Real Pisistrius,19a12bed,Hassane Kamara,https://fbref.com/en/players/19a12bed/Hassane-Kamara,confirmed,empty-template,Serie A,,,,,,,,,,,,,,
fc-4502,4502,Gallo,D,Ds/E,LEC,,c74d63ac,Antonino Gallo,https://fbref.com/en/players/c74d63ac/Antonino-Gallo,confirmed,empty-template,Serie A,,,,,,,,,,,,,,
fc-7337,7337,Motta,P,Por,LAZ,,35dfd6b5,Edoardo Motta,https://fbref.com/en/players/35dfd6b5/Edoardo-Motta,confirmed,empty-template,Serie A,,,,,,,,,,,,,,
fc-2814,2814,Provedel,P,Por,LAZ,Real Pisistrius,277da414,Ivan Provedel,https://fbref.com/en/players/277da414/Ivan-Provedel,confirmed,empty-template,Serie A,,,,,,,,,,,,,,
fc-6629,6629,Dele-Bashiru,C,C/T,LAZ,River Plaid,121a4fb8,Fisayo Dele-Bashiru,https://fbref.com/en/players/121a4fb8/Fisayo-Dele-Bashiru,confirmed,empty-template,Serie A,,,,,,,,,,,,,,
fc-6252,6252,Folorunsho,C,C/T,CAG,,c391a179,Michael Folorunsho,https://fbref.com/en/players/c391a179/Michael-Folorunsho,confirmed,empty-template,Serie A,,,,,,,,,,,,,,
fc-2765,2765,Odgaard,C,T/A,BOL,Beetlejuice,75374ee7,Jens Odgaard,https://fbref.com/en/players/75374ee7/Jens-Odgaard,confirmed,empty-template,Serie A,,,,,,,,,,,,,,
fc-2529,2529,Mkhitaryan,C,C/T,INT,Afc Severgas Baronissi,dd0daf32,Henrikh Mkhitaryan,https://fbref.com/en/players/dd0daf32/Henrikh-Mkhitaryan,confirmed,empty-template,Serie A,,,,,,,,,,,,,,
fc-2077,2077,Pasalic,C,C/T,ATA,Beetlejuice,e599253a,Mario Pašalić,https://fbref.com/en/players/e599253a/Mario-Pasalic,confirmed,empty-template,Serie A,,,,,,,,,,,,,,
fc-788,788,Freuler,C,M/C,BOL,As Paperopoli,98d2c2c4,Remo Freuler,https://fbref.com/en/players/98d2c2c4/Remo-Freuler,confirmed,empty-template,Serie A,,,,,,,,,,,,,,
fc-7240,7240,Siebert,D,Dc,LEC,,5967328c,Jamil Siebert,https://fbref.com/en/players/5967328c/Jamil-Siebert,confirmed,empty-template,Serie A,,,,,,,,,,,,,,
fc-6814,6814,Norton-Cuffy,D,Dd/E,GEN,FC DueFratelli2005,54f5b2bd,Brooke Norton-Cuffy,https://fbref.com/en/players/54f5b2bd/Brooke-Norton-Cuffy,confirmed,empty-template,Serie A,,,,,,,,,,,,,,
fc-6485,6485,Kristensen T.,D,Dd/Dc,UDI,Olympic Salerno  FC,fadf9a05,Thomas Kristensen,https://fbref.com/en/players/fadf9a05/Thomas-Kristensen,confirmed,empty-template,Serie A,,,,,,,,,,,,,,
fc-5840,5840,Olivera,D,Ds/E,NAP,Prestige Worldwide,41c12f75,Mathías Olivera,https://fbref.com/en/players/41c12f75/Mathias-Olivera,confirmed,empty-template,Serie A,,,,,,,,,,,,,,
fc-5010,5010,Ismajli,D,Dc,TOR,,8fa5ec22,Ardian Ismajli,https://fbref.com/en/players/8fa5ec22/Ardian-Ismajli,confirmed,empty-template,Serie A,,,,,,,,,,,,,,
fc-4657,4657,Celik,D,B/Dd/E,ROM,FC DueFratelli2005,31a62dc7,Zeki Çelik,https://fbref.com/en/players/31a62dc7/Zeki-Celik,confirmed,empty-template,Serie A,,,,,,,,,,,,,,
fc-4401,4401,Gabbia,D,Dc,MIL,Olympic Salerno  FC,c235e803,Matteo Gabbia,https://fbref.com/en/players/c235e803/Matteo-Gabbia,confirmed,empty-template,Serie A,,,,,,,,,,,,,,
fc-6462,6462,Okoye,P,Por,UDI,Ac Milan,ab5c36dd,Maduka Okoye,https://fbref.com/en/players/ab5c36dd/Maduka-Okoye,confirmed,empty-template,Serie A,,,,,,,,,,,,,,
fc-133,133,Skorupski,P,Por,BOL,Prestige Worldwide,ab4449d6,Łukasz Skorupski,https://fbref.com/en/players/ab4449d6/Lukasz-Skorupski,confirmed,empty-template,Serie A,,,,,,,,,,,,,,
fc-7318,7318,Gandelman,C,C/T,LEC,Afc Severgas Baronissi,e4b121b3,Omri Gandelman,https://fbref.com/en/players/e4b121b3/Omri-Gandelman,confirmed,empty-template,Serie A,,,,,,,,,,,,,,
fc-6549,6549,Pierotti,C,W/A,LEC,,ec315772,Santiago Pierotti,https://fbref.com/en/players/ec315772/Santiago-Pierotti,confirmed,empty-template,Serie A,,,,,,,,,,,,,,
fc-6486,6486,Suslov,C,W/T,VER,,83fe71b8,Tomáš Suslov,https://fbref.com/en/players/83fe71b8/Tomas-Suslov,confirmed,empty-template,Serie A,,,,,,,,,,,,,,
fc-6394,6394,Ramadani,C,M/C,LEC,,ef3c876b,Ylber Ramadani,https://fbref.com/en/players/ef3c876b/Ylber-Ramadani,confirmed,empty-template,Serie A,,,,,,,,,,,,,,
fc-6274,6274,Diouf,C,C,INT,,9b5237b1,Andy Diouf,https://fbref.com/en/players/9b5237b1/Andy-Diouf,confirmed,empty-template,Serie A,,,,,,,,,,,,,,
fc-5453,5453,Ricci S.,C,M/C,MIL,Beetlejuice,9823be92,Samuele Ricci,https://fbref.com/en/players/9823be92/Samuele-Ricci,confirmed,empty-template,Serie A,,,,,,,,,,,,,,
fc-5298,5298,Pobega,C,M/C,BOL,,55a1cac2,Tommaso Pobega,https://fbref.com/en/players/55a1cac2/Tommaso-Pobega,confirmed,empty-template,Serie A,,,,,,,,,,,,,,
fc-4870,4870,Adopo,C,M/C,CAG,Olympic Salerno  FC,599d91d0,Michel Ndary Adopo,https://fbref.com/en/players/599d91d0/Michel-Ndary-Adopo,confirmed,empty-template,Serie A,,,,,,,,,,,,,,
fc-4479,4479,Elmas,C,W/T,NAP,FC DueFratelli2005,cf007308,Elif Elmas,https://fbref.com/en/players/cf007308/Elif-Elmas,confirmed,empty-template,Serie A,,,,,,,,,,,,,,
fc-2528,2528,Matic,C,M/C,SAS,,eb7822d7,Nemanja Matić,https://fbref.com/en/players/eb7822d7/Nemanja-Matic,confirmed,empty-template,Serie A,,,,,,,,,,,,,,
fc-7143,7143,Angori,D,Ds/E,PIS,,9ee1d39e,Samuele Angori,https://fbref.com/en/players/9ee1d39e/Samuele-Angori,confirmed,empty-template,Serie A,,,,,,,,,,,,,,
fc-6990,6990,Veiga D.,D,Dd/E,LEC,,cc094532,Danilo Veiga,https://fbref.com/en/players/cc094532/Danilo-Veiga,confirmed,empty-template,Serie A,,,,,,,,,,,,,,
fc-6663,6663,Circati,D,Dc,PAR,Prestige Worldwide,1223765c,Alessandro Circati,https://fbref.com/en/players/1223765c/Alessandro-Circati,confirmed,empty-template,Serie A,,,,,,,,,,,,,,
fc-5835,5835,Baschirotto,D,Dc,CRE,Beetlejuice,5a08ee41,Federico Baschirotto,https://fbref.com/en/players/5a08ee41/Federico-Baschirotto,confirmed,empty-template,Serie A,,,,,,,,,,,,,,
fc-5701,5701,Obert,D,Ds/Dc,CAG,,aa25ce92,Adam Obert,https://fbref.com/en/players/aa25ce92/Adam-Obert,confirmed,empty-template,Serie A,,,,,,,,,,,,,,
fc-2724,2724,Buongiorno,D,Dc,NAP,Real Pisistrius,4ae67f27,Alessandro Buongiorno,https://fbref.com/en/players/4ae67f27/Alessandro-Buongiorno,confirmed,empty-template,Serie A,,,,,,,,,,,,,,
fc-787,787,Djimsiti,D,Dc,ATA,As Paperopoli,6eee05f1,Berat Djimsiti,https://fbref.com/en/players/6eee05f1/Berat-Djimsiti,confirmed,empty-template,Serie A,,,,,,,,,,,,,,
fc-7252,7252,Stulic,A,Pc,LEC,real mappine,557ada13,Nikola Štulić,https://fbref.com/en/players/557ada13/Nikola-Stulic,confirmed,empty-template,Serie A,,,,,,,,,,,,,,
fc-7008,7008,Gimenez,A,Pc,MIL,Ac Milan,37337aea,Santiago Giménez,https://fbref.com/en/players/37337aea/Santiago-Gimenez,confirmed,empty-template,Serie A,,,,,,,,,,,,,,
fc-6365,6365,Ferguson E.,A,Pc,ROM,Afc Severgas Baronissi,4596da74,Evan Ferguson,https://fbref.com/en/players/4596da74/Evan-Ferguson,confirmed,empty-template,Serie A,,,,,,,,,,,,,,
fc-5506,5506,Ekuban,A,A,GEN,real mappine,7afbd2c3,Caleb Ekuban,https://fbref.com/en/players/7afbd2c3/Caleb-Ekuban,confirmed,empty-template,Serie A,,,,,,,,,,,,,,
fc-5500,5500,Cancellieri,A,W/A,LAZ,Real Pisistrius,b6a1cdf9,Matteo Cancellieri,https://fbref.com/en/players/b6a1cdf9/Matteo-Cancellieri,confirmed,empty-template,Serie A,,,,,,,,,,,,,,
fc-2678,2678,Fullkrug,A,Pc,MIL,Afc Severgas Baronissi,4f16405e,Niclas Füllkrug,https://fbref.com/en/players/4f16405e/Niclas-Fullkrug,confirmed,empty-template,Serie A,,,,,,,,,,,,,,
fc-7223,7223,Vergara,C,W/T,NAP,River Plaid,848c17ed,Antonio Vergara,https://fbref.com/en/players/848c17ed/Antonio-Vergara,confirmed,empty-template,Serie A,,,,,,,,,,,,,,
fc-7209,7209,Sorensen O.,C,C,PAR,,53e442e2,Oliver Jensen,https://fbref.com/en/players/53e442e2/Oliver-Jensen,confirmed,empty-template,Serie A,,,,,,,,,,,,,,
fc-7146,7146,Tourè I.,C,E/M,PIS,real mappine,6cfd5783,Idrissa Touré,https://fbref.com/en/players/6cfd5783/Idrissa-Toure,confirmed,empty-template,Serie A,,,,,,,,,,,,,,
fc-7138,7138,Ordonez C.,C,M/C,PAR,,0d94b6d9,Christian Ordoñez,https://fbref.com/en/players/0d94b6d9/Christian-Ordonez,confirmed,empty-template,Serie A,,,,,,,,,,,,,,
fc-6980,6980,Venturino,C,W,ROM,FC DueFratelli2005,a5049464,Lorenzo Venturino,https://fbref.com/en/players/a5049464/Lorenzo-Venturino,confirmed,empty-template,Serie A,,,,,,,,,,,,,,
fc-5992,5992,Bondo,C,M/C,CRE,,0def2376,Warren Bondo,https://fbref.com/en/players/0def2376/Warren-Bondo,confirmed,empty-template,Serie A,,,,,,,,,,,,,,
fc-5858,5858,Ferguson,C,C/T,BOL,,ee64a822,Lewis Ferguson,https://fbref.com/en/players/ee64a822/Lewis-Ferguson,confirmed,empty-template,Serie A,,,,,,,,,,,,,,
fc-5813,5813,Miretti,C,C/T,JUV,Prestige Worldwide,34693494,Fabio Miretti,https://fbref.com/en/players/34693494/Fabio-Miretti,confirmed,empty-template,Serie A,,,,,,,,,,,,,,
fc-5784,5784,Aebischer,C,C,PIS,Ac Milan,f9c927de,Michel Aebischer,https://fbref.com/en/players/f9c927de/Michel-Aebischer,confirmed,empty-template,Serie A,,,,,,,,,,,,,,
fc-5761,5761,Zhegrova,C,W,JUV,real mappine,34a88e3e,Edon Zhegrova,https://fbref.com/en/players/34a88e3e/Edon-Zhegrova,confirmed,empty-template,Serie A,,,,,,,,,,,,,,
fc-5319,5319,Sohm,C,C,BOL,Real Pisistrius,a5f458d9,Simon Sohm,https://fbref.com/en/players/a5f458d9/Simon-Sohm,confirmed,empty-template,Serie A,,,,,,,,,,,,,,
fc-5301,5301,Luis Henrique,C,E/W,INT,,f36d5624,Luis Henrique,https://fbref.com/en/players/f36d5624/Luis-Henrique,confirmed,empty-template,Serie A,,,,,,,,,,,,,,
fc-5131,5131,Gilmour,C,M/C,NAP,River Plaid,df10e27c,Billy Gilmour,https://fbref.com/en/players/df10e27c/Billy-Gilmour,confirmed,empty-template,Serie A,,,,,,,,,,,,,,
fc-4970,4970,Messias,C,C/W,GEN,,f49c4ae9,Junior Messias,https://fbref.com/en/players/f49c4ae9/Junior-Messias,confirmed,empty-template,Serie A,,,,,,,,,,,,,,
fc-4404,4404,Thorsby,C,C/T,CRE,Beetlejuice,d1b49282,Morten Thorsby,https://fbref.com/en/players/d1b49282/Morten-Thorsby,confirmed,empty-template,Serie A,,,,,,,,,,,,,,
fc-4284,4284,Sergi Roberto,C,M/C,COM,,335fa267,Sergi Roberto,https://fbref.com/en/players/335fa267/Sergi-Roberto,confirmed,empty-template,Serie A,,,,,,,,,,,,,,
fc-4199,4199,Loftus-Cheek,C,C/T,MIL,Real Pisistrius,e97fd090,Ruben Loftus-Cheek,https://fbref.com/en/players/e97fd090/Ruben-Loftus-Cheek,confirmed,empty-template,Serie A,,,,,,,,,,,,,,
fc-2334,2334,Leris,C,W,PIS,,7d3cbc67,Mehdi Léris,https://fbref.com/en/players/7d3cbc67/Mehdi-Leris,confirmed,empty-template,Serie A,,,,,,,,,,,,,,
fc-1976,1976,Mazzitelli,C,M/C,CAG,,dc61b402,Luca Mazzitelli,https://fbref.com/en/players/dc61b402/Luca-Mazzitelli,confirmed,empty-template,Serie A,,,,,,,,,,,,,,
fc-801,801,Gagliardini,C,M/C,VER,,ce30bfc8,Roberto Gagliardini,https://fbref.com/en/players/ce30bfc8/Roberto-Gagliardini,confirmed,empty-template,Serie A,,,,,,,,,,,,,,
fc-7352,7352,Edmundsson,D,Dc,VER,,7131f38f,Andrias Edmundsson,https://fbref.com/en/players/7131f38f/Andrias-Edmundsson,confirmed,empty-template,Serie A,,,,,,,,,,,,,,
fc-7235,7235,Troilo,D,Dc,PAR,,fa2c1419,Mariano Troilo,https://fbref.com/en/players/fa2c1419/Mariano-Troilo,confirmed,empty-template,Serie A,,,,,,,,,,,,,,
fc-7220,7220,Belghali,D,Dd/E,VER,Ac Milan,0abcb968,Rafik Belghali,https://fbref.com/en/players/0abcb968/Rafik-Belghali,confirmed,empty-template,Serie A,,,,,,,,,,,,,,
fc-7219,7219,Bernasconi,D,E,ATA,As Paperopoli,c1041eb7,Lorenzo Bernasconi,https://fbref.com/en/players/c1041eb7/Lorenzo-Bernasconi,confirmed,empty-template,Serie A,,,,,,,,,,,,,,
fc-7212,7212,Heggem,D,Ds/Dc,BOL,As Paperopoli,834fea76,Torbjørn Heggem,https://fbref.com/en/players/834fea76/Torbjorn-Heggem,confirmed,empty-template,Serie A,,,,,,,,,,,,,,
fc-7175,7175,Joao Mario,D,E,BOL,Olympic Salerno  FC,82a39b66,João Mário Lopes,https://fbref.com/en/players/82a39b66/Joao-Mario-Lopes,confirmed,empty-template,Serie A,,,,,,,,,,,,,,
fc-7131,7131,Floriani Mussolini,D,Dd/E,CRE,River Plaid,e19e0ca1,Romano Floriani,https://fbref.com/en/players/e19e0ca1/Romano-Floriani,confirmed,empty-template,Serie A,,,,,,,,,,,,,,
fc-7014,7014,Smolcic I.,D,Dd/Dc,COM,,08e57960,Ivan Smolčić,https://fbref.com/en/players/08e57960/Ivan-Smolcic,confirmed,empty-template,Serie A,,,,,,,,,,,,,,
fc-7012,7012,Provstgaard,D,Dc,LAZ,,e97adead,Oliver Nielsen,https://fbref.com/en/players/e97adead/Oliver-Nielsen,confirmed,empty-template,Serie A,,,,,,,,,,,,,,
fc-6672,6672,Idzes,D,Dc,SAS,Afc Severgas Baronissi,a54ef587,Jay Idzes,https://fbref.com/en/players/a54ef587/Jay-Idzes,confirmed,empty-template,Serie A,,,,,,,,,,,,,,
fc-6660,6660,Marcandalli,D,Dc,GEN,Olympic Salerno  FC,d3225ad1,Alessandro Marcandalli,https://fbref.com/en/players/d3225ad1/Alessandro-Marcandalli,confirmed,empty-template,Serie A,,,,,,,,,,,,,,
fc-6642,6642,Coco,D,Dc,TOR,Beetlejuice,d0ee1652,Saúl Coco,https://fbref.com/en/players/d0ee1652/Saul-Coco,confirmed,empty-template,Serie A,,,,,,,,,,,,,,
fc-6639,6639,Frese,D,Ds/E,VER,,b910e9c0,Martin Frese,https://fbref.com/en/players/b910e9c0/Martin-Frese,confirmed,empty-template,Serie A,,,,,,,,,,,,,,
fc-6426,6426,Pedersen,D,Dd/E,TOR,,596cc50e,Marcus Pedersen,https://fbref.com/en/players/596cc50e/Marcus-Pedersen,confirmed,empty-template,Serie A,,,,,,,,,,,,,,
fc-6042,6042,Lucumì,D,Dc,BOL,As Paperopoli,80490d7f,Jhon Lucumí,https://fbref.com/en/players/80490d7f/Jhon-Lucumi,confirmed,empty-template,Serie A,,,,,,,,,,,,,,
fc-5603,5603,Pongracic,D,Dc,FIO,Ac Milan,2a6cd437,Marin Pongračić,https://fbref.com/en/players/2a6cd437/Marin-Pongracic,confirmed,empty-template,Serie A,,,,,,,,,,,,,,
fc-5527,5527,Zanoli,D,Dd/E,UDI,,3b12b11f,Alessandro Zanoli,https://fbref.com/en/players/3b12b11f/Alessandro-Zanoli,confirmed,empty-template,Serie A,,,,,,,,,,,,,,
fc-5449,5449,Parisi,D,E,FIO,,0967845b,Fabiano Parisi,https://fbref.com/en/players/0967845b/Fabiano-Parisi,confirmed,empty-template,Serie A,,,,,,,,,,,,,,
fc-5427,5427,Gutierrez,D,Ds/E,NAP,Ac Milan,7e98cff1,Miguel Gutiérrez,https://fbref.com/en/players/7e98cff1/Miguel-Gutierrez,confirmed,empty-template,Serie A,,,,,,,,,,,,,,
fc-4994,4994,Vojvoda,D,Dd/E,COM,River Plaid,be2706c0,Mërgim Vojvoda,https://fbref.com/en/players/be2706c0/Mergim-Vojvoda,confirmed,empty-template,Serie A,,,,,,,,,,,,,,
fc-4433,4433,Zortea,D,E,BOL,Afc Severgas Baronissi,82598b71,Nadir Zortea,https://fbref.com/en/players/82598b71/Nadir-Zortea,confirmed,empty-template,Serie A,,,,,,,,,,,,,,
fc-4374,4374,Walukiewicz,D,Dd/Dc,SAS,,217875a4,Sebastian Walukiewicz,https://fbref.com/en/players/217875a4/Sebastian-Walukiewicz,confirmed,empty-template,Serie A,,,,,,,,,,,,,,
fc-4210,4210,Mina,D,Dc,CAG,FC DueFratelli2005,6d5701f2,Yerry Mina,https://fbref.com/en/players/6d5701f2/Yerry-Mina,confirmed,empty-template,Serie A,,,,,,,,,,,,,,
fc-4137,4137,Diego Carlos,D,Dc,COM,,b4a014b1,Diego Carlos,https://fbref.com/en/players/b4a014b1/Diego-Carlos,confirmed,empty-template,Serie A,,,,,,,,,,,,,,
fc-2640,2640,Kolasinac,D,B/Ds/E,ATA,,3935e52e,Sead Kolašinac,https://fbref.com/en/players/3935e52e/Sead-Kolasinac,confirmed,empty-template,Serie A,,,,,,,,,,,,,,
fc-2188,2188,Marusic,D,Dd/Ds/E,LAZ,Real Pisistrius,d4535821,Adam Marušić,https://fbref.com/en/players/d4535821/Adam-Marusic,confirmed,empty-template,Serie A,,,,,,,,,,,,,,
fc-393,393,Luperto,D,Dc,CRE,Beetlejuice,997fff07,Sebastiano Luperto,https://fbref.com/en/players/997fff07/Sebastiano-Luperto,confirmed,empty-template,Serie A,,,,,,,,,,,,,,
fc-6981,6981,Vaz,A,Pc,ROM,Afc Severgas Baronissi,74fb9321,Robinio Vaz,https://fbref.com/en/players/74fb9321/Robinio-Vaz,confirmed,empty-template,Serie A,,,,,,,,,,,,,,
fc-7341,7341,Amorim,C,M/C,GEN,,87c4d798,Amorim,https://fbref.com/en/players/87c4d798/Amorim,confirmed,empty-template,Serie A,,,,,,,,,,,,,,
fc-7331,7331,Loyola,C,M/C,PIS,Afc Severgas Baronissi,ff749703,Felipe Loyola,https://fbref.com/en/players/ff749703/Felipe-Loyola,confirmed,empty-template,Serie A,,,,,,,,,,,,,,
fc-7208,7208,Miller L.,C,M/C,UDI,,38d7f638,Lennon Miller,https://fbref.com/en/players/38d7f638/Lennon-Miller,confirmed,empty-template,Serie A,,,,,,,,,,,,,,
fc-7198,7198,Piotrowski,C,C,UDI,,af686bed,Jakub Piotrowski,https://fbref.com/en/players/af686bed/Jakub-Piotrowski,confirmed,empty-template,Serie A,,,,,,,,,,,,,,
fc-7028,7028,Bernede,C,C,VER,,07a821e4,Antoine Bernede,https://fbref.com/en/players/07a821e4/Antoine-Bernede,confirmed,empty-template,Serie A,,,,,,,,,,,,,,
fc-6593,6593,Akinsanmiro,C,C/T,PIS,,3ad34015,Ebenezer Akinsanmiro,https://fbref.com/en/players/3ad34015/Ebenezer-Akinsanmiro,confirmed,empty-template,Serie A,,,,,,,,,,,,,,
fc-6424,6424,Prati,C,M/C,TOR,,d8363914,Matteo Prati,https://fbref.com/en/players/d8363914/Matteo-Prati,confirmed,empty-template,Serie A,,,,,,,,,,,,,,
fc-6271,6271,El Aynaoui,C,M/C,ROM,,17e1261b,Neil El Aynaoui,https://fbref.com/en/players/17e1261b/Neil-El-Aynaoui,confirmed,empty-template,Serie A,,,,,,,,,,,,,,
fc-6112,6112,Iling Junior,C,E/W,PIS,,ba492306,Samuel Iling-Junior,https://fbref.com/en/players/ba492306/Samuel-Iling-Junior,confirmed,empty-template,Serie A,,,,,,,,,,,,,,
fc-6054,6054,Moro N.,C,M/C,BOL,,ff579c7e,Nikola Moro,https://fbref.com/en/players/ff579c7e/Nikola-Moro,confirmed,empty-template,Serie A,,,,,,,,,,,,,,
fc-5685,5685,Koopmeiners,C,C/T,JUV,Olympic Salerno  FC,a26fb8aa,Teun Koopmeiners,https://fbref.com/en/players/a26fb8aa/Teun-Koopmeiners,confirmed,empty-template,Serie A,,,,,,,,,,,,,,
fc-5295,5295,Musah,C,C/W,ATA,As Paperopoli,b51b1b9c,Yunus Musah,https://fbref.com/en/players/b51b1b9c/Yunus-Musah,confirmed,empty-template,Serie A,,,,,,,,,,,,,,
fc-5119,5119,Samardzic,C,T,ATA,Olympic Salerno  FC,217c93a1,Lazar Samardzic,https://fbref.com/en/players/217c93a1/Lazar-Samardzic,confirmed,empty-template,Serie A,,,,,,,,,,,,,,
fc-1871,1871,Deiola,C,M/C,CAG,,7f267d66,Alessandro Deiola,https://fbref.com/en/players/7f267d66/Alessandro-Deiola,confirmed,empty-template,Serie A,,,,,,,,,,,,,,
fc-795,795,El Shaarawy,C,W,ROM,,d3aaad90,Stephan El Shaarawy,https://fbref.com/en/players/d3aaad90/Stephan-El-Shaarawy,confirmed,empty-template,Serie A,,,,,,,,,,,,,,
fc-7274,7274,Zè Pedro,D,Dc,CAG,,2063e21d,Zé Pedro Figueiredo,https://fbref.com/en/players/2063e21d/Ze-Pedro-Figueiredo,confirmed,empty-template,Serie A,,,,,,,,,,,,,,
fc-7139,7139,Canestrelli,D,Dc,PIS,real mappine,d8c54a50,Simone Canestrelli,https://fbref.com/en/players/d8c54a50/Simone-Canestrelli,confirmed,empty-template,Serie A,,,,,,,,,,,,,,
fc-7018,7018,Nelsson,D,Dc,VER,,e53b5534,Victor Nelsson,https://fbref.com/en/players/e53b5534/Victor-Nelsson,confirmed,empty-template,Serie A,,,,,,,,,,,,,,
fc-6631,6631,Ghilardi,D,Dc,ROM,Prestige Worldwide,9cedad4b,Daniele Ghilardi,https://fbref.com/en/players/9cedad4b/Daniele-Ghilardi,confirmed,empty-template,Serie A,,,,,,,,,,,,,,
fc-6495,6495,Comuzzo,D,Dc,FIO,Afc Severgas Baronissi,5e3ecc35,Pietro Comuzzo,https://fbref.com/en/players/5e3ecc35/Pietro-Comuzzo,confirmed,empty-template,Serie A,,,,,,,,,,,,,,
fc-5812,5812,Terracciano F.,D,Dd/Ds/E,CRE,real mappine,5cbb5ad6,Filippo Terracciano,https://fbref.com/en/players/5cbb5ad6/Filippo-Terracciano,confirmed,empty-template,Serie A,,,,,,,,,,,,,,
fc-5532,5532,Bradaric,D,Ds/E,VER,,8bbe2df5,Domagoj Bradarić,https://fbref.com/en/players/8bbe2df5/Domagoj-Bradaric,confirmed,empty-template,Serie A,,,,,,,,,,,,,,
fc-4887,4887,Bellanova,D,E,ATA,River Plaid,e3756e72,Raoul Bellanova,https://fbref.com/en/players/e3756e72/Raoul-Bellanova,confirmed,empty-template,Serie A,,,,,,,,,,,,,,
fc-4385,4385,Lazaro,D,Dd/E,TOR,FC DueFratelli2005,016ff750,Valentino Lazaro,https://fbref.com/en/players/016ff750/Valentino-Lazaro,confirmed,empty-template,Serie A,,,,,,,,,,,,,,
fc-2593,2593,Martin,D,Ds/E,GEN,Real Pisistrius,2f3e911a,Aarón Martín,https://fbref.com/en/players/2f3e911a/Aaron-Martin,confirmed,empty-template,Serie A,,,,,,,,,,,,,,
fc-761,761,Audero,P,Por,CRE,Olympic Salerno  FC,649b01d8,Emil Audero,https://fbref.com/en/players/649b01d8/Emil-Audero,confirmed,empty-template,Serie A,,,,,,,,,,,,,,
fc-7001,7001,N'Dri,A,W/A,LEC,Prestige Worldwide,17329380,Konan N'dri,https://fbref.com/en/players/17329380/Konan-Ndri,confirmed,empty-template,Serie A,,,,,,,,,,,,,,
fc-4436,4436,Cambiaghi,A,A,BOL,Prestige Worldwide,91ff775f,Nicolò Cambiaghi,https://fbref.com/en/players/91ff775f/Nicolo-Cambiaghi,confirmed,empty-template,Serie A,,,,,,,,,,,,,,
fc-2531,2531,Lukaku,A,Pc,NAP,River Plaid,5eae500a,Romelu Lukaku,https://fbref.com/en/players/5eae500a/Romelu-Lukaku,confirmed,empty-template,Serie A,,,,,,,,,,,,,,
fc-479,479,Sanabria,A,Pc,CRE,real mappine,0a447501,Antonio Sanabria,https://fbref.com/en/players/0a447501/Antonio-Sanabria,confirmed,empty-template,Serie A,,,,,,,,,,,,,,
fc-441,441,Belotti,A,Pc,CAG,Ac Milan,d705ba44,Andrea Belotti,https://fbref.com/en/players/d705ba44/Andrea-Belotti,confirmed,empty-template,Serie A,,,,,,,,,,,,,,
fc-313,313,Morata,A,Pc,COM,,129af0db,Álvaro Morata,https://fbref.com/en/players/129af0db/Alvaro-Morata,confirmed,empty-template,Serie A,,,,,,,,,,,,,,
fc-7203,7203,Jashari,C,C,MIL,Ac Milan,889588db,Ardon Jashari,https://fbref.com/en/players/889588db/Ardon-Jashari,confirmed,empty-template,Serie A,,,,,,,,,,,,,,
fc-7145,7145,Piccinini G.,C,E/M,PIS,,92e4465e,Gabriele Piccinini,https://fbref.com/en/players/92e4465e/Gabriele-Piccinini,confirmed,empty-template,Serie A,,,,,,,,,,,,,,
fc-6815,6815,Fadera,C,W,SAS,Real Pisistrius,53210e42,Alieu Fadera,https://fbref.com/en/players/53210e42/Alieu-Fadera,confirmed,empty-template,Serie A,,,,,,,,,,,,,,
fc-6575,6575,Zaragoza,C,W/A,ROM,FC DueFratelli2005,a96103b2,Bryan Zaragoza,https://fbref.com/en/players/a96103b2/Bryan-Zaragoza,confirmed,empty-template,Serie A,,,,,,,,,,,,,,
fc-6458,6458,Serdar,C,C,VER,,b3325a30,Suat Serdar,https://fbref.com/en/players/b3325a30/Suat-Serdar,confirmed,empty-template,Serie A,,,,,,,,,,,,,,
fc-6218,6218,Oristanio,C,W/T/A,PAR,FC DueFratelli2005,5cfc74fc,Gaetano Oristanio,https://fbref.com/en/players/5cfc74fc/Gaetano-Oristanio,confirmed,empty-template,Serie A,,,,,,,,,,,,,,
fc-6024,6024,Sulemana I.,C,M/C,CAG,As Paperopoli,230c3f3a,Ibrahim Sulemana,https://fbref.com/en/players/230c3f3a/Ibrahim-Sulemana,confirmed,empty-template,Serie A,,,,,,,,,,,,,,
fc-6020,6020,Ellertsson,C,C/W,GEN,As Paperopoli,c55967eb,Mikael Ellertsson,https://fbref.com/en/players/c55967eb/Mikael-Ellertsson,confirmed,empty-template,Serie A,,,,,,,,,,,,,,
fc-6010,6010,Fazzini,C,C/T,FIO,Afc Severgas Baronissi,06b08c45,Jacopo Fazzini,https://fbref.com/en/players/06b08c45/Jacopo-Fazzini,confirmed,empty-template,Serie A,,,,,,,,,,,,,,
fc-5688,5688,Harroui,C,W/T,VER,,65fd099c,Abdou Harroui,https://fbref.com/en/players/65fd099c/Abdou-Harroui,confirmed,empty-template,Serie A,,,,,,,,,,,,,,
fc-5318,5318,Tramoni M.,C,W/T,PIS,Real Pisistrius,2e0ae188,Mattéo Tramoni,https://fbref.com/en/players/2e0ae188/Matteo-Tramoni,confirmed,empty-template,Serie A,,,,,,,,,,,,,,
fc-5286,5286,Akpa Akpro,C,M/C,VER,,fdf4b948,Jean-Daniel Akpa-Akpro,https://fbref.com/en/players/fdf4b948/Jean-Daniel-Akpa-Akpro,confirmed,empty-template,Serie A,,,,,,,,,,,,,,
fc-2848,2848,Frattesi,C,C/T,INT,Prestige Worldwide,2a7d27c1,Davide Frattesi,https://fbref.com/en/players/2a7d27c1/Davide-Frattesi,confirmed,empty-template,Serie A,,,,,,,,,,,,,,
fc-7268,7268,Rodriguez Ju.,D,Ds/Dc,CAG,,8f72c9d2,Juan Rodríguez,https://fbref.com/en/players/8f72c9d2/Juan-Rodriguez,confirmed,empty-template,Serie A,,,,,,,,,,,,,,
fc-7253,7253,Bella-Kotchap,D,Dc,VER,,a39d11bc,Armel Bella Kotchap,https://fbref.com/en/players/a39d11bc/Armel-Bella-Kotchap,confirmed,empty-template,Serie A,,,,,,,,,,,,,,
fc-6916,6916,Ahanor,D,B/Ds/E,ATA,FC DueFratelli2005,42ff58c3,Honest Ahanor,https://fbref.com/en/players/42ff58c3/Honest-Ahanor,confirmed,empty-template,Serie A,,,,,,,,,,,,,,
fc-6632,6632,Gaspar K.,D,Dc,LEC,,34e4dc3b,Kialonda,https://fbref.com/en/players/34e4dc3b/Kialonda,confirmed,empty-template,Serie A,,,,,,,,,,,,,,
fc-6202,6202,Beukema,D,Dc,NAP,Beetlejuice,de13cee5,Sam Beukema,https://fbref.com/en/players/de13cee5/Sam-Beukema,confirmed,empty-template,Serie A,,,,,,,,,,,,,,
fc-6047,6047,Ehizibue,D,Dd/E,UDI,,76b2817e,Kingsley Ehizibue,https://fbref.com/en/players/76b2817e/Kingsley-Ehizibue,confirmed,empty-template,Serie A,,,,,,,,,,,,,,
fc-6046,6046,Hien,D,Dc,ATA,Olympic Salerno  FC,12806697,Isak Hien,https://fbref.com/en/players/12806697/Isak-Hien,confirmed,empty-template,Serie A,,,,,,,,,,,,,,
fc-6013,6013,Barbieri,D,Dd/Ds/E,CRE,,6f1d7aa8,Tommaso Barbieri,https://fbref.com/en/players/6f1d7aa8/Tommaso-Barbieri,confirmed,empty-template,Serie A,,,,,,,,,,,,,,
fc-5851,5851,Doig,D,Ds/E,SAS,Afc Severgas Baronissi,2f69d881,Josh Doig,https://fbref.com/en/players/2f69d881/Josh-Doig,confirmed,empty-template,Serie A,,,,,,,,,,,,,,
fc-5739,5739,De Winter,D,Dd/Dc,MIL,As Paperopoli,f4797849,Koni De Winter,https://fbref.com/en/players/f4797849/Koni-De-Winter,confirmed,empty-template,Serie A,,,,,,,,,,,,,,
fc-5435,5435,Moreno Alb.,D,Ds/E,COM,Afc Severgas Baronissi,11b9265b,Alberto Moreno,https://fbref.com/en/players/11b9265b/Alberto-Moreno,confirmed,empty-template,Serie A,,,,,,,,,,,,,,
fc-5307,5307,Valenti,D,Dc,PAR,,55db5c36,Lautaro Valenti,https://fbref.com/en/players/55db5c36/Lautaro-Valenti,confirmed,empty-template,Serie A,,,,,,,,,,,,,,
fc-4378,4378,Ranieri L.,D,Ds/Dc,FIO,River Plaid,8c63fae5,Luca Ranieri,https://fbref.com/en/players/8c63fae5/Luca-Ranieri,confirmed,empty-template,Serie A,,,,,,,,,,,,,,
fc-2653,2653,Lykogiannis,D,Ds/E,BOL,,5efc5389,Babis Lykogiannis,https://fbref.com/en/players/5efc5389/Babis-Lykogiannis,confirmed,empty-template,Serie A,,,,,,,,,,,,,,
fc-2273,2273,Caracciolo A.,D,Dc,PIS,Beetlejuice,99d8fc35,Antonio Caracciolo,https://fbref.com/en/players/99d8fc35/Antonio-Caracciolo,confirmed,empty-template,Serie A,,,,,,,,,,,,,,
fc-791,791,Sabelli,D,Dd/Ds/E,GEN,,0ccac09c,Stefano Sabelli,https://fbref.com/en/players/0ccac09c/Stefano-Sabelli,confirmed,empty-template,Serie A,,,,,,,,,,,,,,
fc-770,770,Pezzella Giu.,D,Ds/E,CRE,,149c5f5d,Giuseppe Pezzella,https://fbref.com/en/players/149c5f5d/Giuseppe-Pezzella,confirmed,empty-template,Serie A,,,,,,,,,,,,,,
fc-513,513,Acerbi,D,Dc,INT,Prestige Worldwide,b96b595c,Francesco Acerbi,https://fbref.com/en/players/b96b595c/Francesco-Acerbi,confirmed,empty-template,Serie A,,,,,,,,,,,,,,
fc-327,327,Patric,D,Dd/Dc,LAZ,,f7223718,Patric,https://fbref.com/en/players/f7223718/Patric,confirmed,empty-template,Serie A,,,,,,,,,,,,,,
fc-294,294,Rugani,D,Dc,FIO,,14b8fcdf,Daniele Rugani,https://fbref.com/en/players/14b8fcdf/Daniele-Rugani,confirmed,empty-template,Serie A,,,,,,,,,,,,,,
fc-256,256,Juan Jesus,D,Ds/Dc,NAP,,79083382,Juan Jesus,https://fbref.com/en/players/79083382/Juan-Jesus,confirmed,empty-template,Serie A,,,,,,,,,,,,,,
fc-7332,7332,Bijlow,P,Por,GEN,River Plaid,53d93280,Justin Bijlow,https://fbref.com/en/players/53d93280/Justin-Bijlow,confirmed,empty-template,Serie A,,,,,,,,,,,,,,
fc-218,218,Perin,P,Por,JUV,As Paperopoli,4c62d0c8,Mattia Perin,https://fbref.com/en/players/4c62d0c8/Mattia-Perin,confirmed,empty-template,Serie A,,,,,,,,,,,,,,
fc-7349,7349,Kulenovic,A,Pc,TOR,As Paperopoli,981e1bee,Sandro Kulenović,https://fbref.com/en/players/981e1bee/Sandro-Kulenovic,confirmed,empty-template,Serie A,,,,,,,,,,,,,,
fc-7316,7316,Durosinmi,A,Pc,PIS,FC DueFratelli2005,e7173214,Rafiu Durosinmi,https://fbref.com/en/players/e7173214/Rafiu-Durosinmi,confirmed,empty-template,Serie A,,,,,,,,,,,,,,
fc-7313,7313,Ratkov,A,Pc,LAZ,Beetlejuice,f446748f,Petar Ratkov,https://fbref.com/en/players/f446748f/Petar-Ratkov,confirmed,empty-template,Serie A,,,,,,,,,,,,,,
fc-7128,7128,Kuhn,A,W/A,COM,As Paperopoli,1e70c324,Nicolas-Gerrit Kühn,https://fbref.com/en/players/1e70c324/Nicolas-Gerrit-Kuhn,confirmed,empty-template,Serie A,,,,,,,,,,,,,,
fc-7127,7127,Addai,A,W/A,COM,FC DueFratelli2005,662ffe3d,Jayden Addai,https://fbref.com/en/players/662ffe3d/Jayden-Addai,confirmed,empty-template,Serie A,,,,,,,,,,,,,,
fc-6836,6836,Meister,A,Pc,PIS,,e1a873eb,Henrik Meister,https://fbref.com/en/players/e1a873eb/Henrik-Meister,confirmed,empty-template,Serie A,,,,,,,,,,,,,,
fc-6643,6643,Dallinga,A,Pc,BOL,As Paperopoli,b70afb45,Thijs Dallinga,https://fbref.com/en/players/b70afb45/Thijs-Dallinga,confirmed,empty-template,Serie A,,,,,,,,,,,,,,
fc-5672,5672,Dia,A,Pc,LAZ,Afc Severgas Baronissi,244bc2c8,Boulaye Dia,https://fbref.com/en/players/244bc2c8/Boulaye-Dia,confirmed,empty-template,Serie A,,,,,,,,,,,,,,
fc-7246,7246,Sala A.,C,C,LEC,,93551864,Álex Sala,https://fbref.com/en/players/93551864/Alex-Sala,confirmed,empty-template,Serie A,,,,,,,,,,,,,,
fc-6984,6984,Ondrejka,C,W/A,PAR,Olympic Salerno  FC,752e09ed,Jacob Ondrejka,https://fbref.com/en/players/752e09ed/Jacob-Ondrejka,confirmed,empty-template,Serie A,,,,,,,,,,,,,,
fc-6889,6889,Anjorin,C,C/T,TOR,As Paperopoli,b105919e,Faustino Anjorin,https://fbref.com/en/players/b105919e/Faustino-Anjorin,confirmed,empty-template,Serie A,,,,,,,,,,,,,,
fc-6206,6206,Fabbian,C,C/T,FIO,As Paperopoli,f97f9188,Giovanni Fabbian,https://fbref.com/en/players/f97f9188/Giovanni-Fabbian,confirmed,empty-template,Serie A,,,,,,,,,,,,,,
fc-6170,6170,Gineitis,C,C,TOR,,548bd0de,Gvidas Gineitis,https://fbref.com/en/players/548bd0de/Gvidas-Gineitis,confirmed,empty-template,Serie A,,,,,,,,,,,,,,
fc-6015,6015,Berisha M.,C,C/T,LEC,real mappine,9d376bef,Medon Berisha,https://fbref.com/en/players/9d376bef/Medon-Berisha,confirmed,empty-template,Serie A,,,,,,,,,,,,,,
fc-5998,5998,Zerbin,C,E/W,CRE,,d19ef4ef,Alessio Zerbin,https://fbref.com/en/players/d19ef4ef/Alessio-Zerbin,confirmed,empty-template,Serie A,,,,,,,,,,,,,,
fc-5850,5850,Lovric,C,C,VER,River Plaid,966eea58,Sandi Lovrić,https://fbref.com/en/players/966eea58/Sandi-Lovric,confirmed,empty-template,Serie A,,,,,,,,,,,,,,
fc-5610,5610,Vranckx,C,M/C,SAS,,f86cd5df,Aster Vranckx,https://fbref.com/en/players/f86cd5df/Aster-Vranckx,confirmed,empty-template,Serie A,,,,,,,,,,,,,,
fc-5540,5540,Niasse,C,M/C,VER,,ff20acfe,Cheikh Niasse,https://fbref.com/en/players/ff20acfe/Cheikh-Niasse,confirmed,empty-template,Serie A,,,,,,,,,,,,,,
fc-4890,4890,Tameze,C,M/C,TOR,,8da74c05,Adrien Tameze,https://fbref.com/en/players/8da74c05/Adrien-Tameze,confirmed,empty-template,Serie A,,,,,,,,,,,,,,
fc-2839,2839,Sottil,C,W/A,LEC,FC DueFratelli2005,94816803,Riccardo Sottil,https://fbref.com/en/players/94816803/Riccardo-Sottil,confirmed,empty-template,Serie A,,,,,,,,,,,,,,
fc-7356,7356,Mlacic,D,Dc,UDI,,170cadab,Branimir Mlacic,https://fbref.com/en/players/170cadab/Branimir-Mlacic,confirmed,empty-template,Serie A,,,,,,,,,,,,,,
fc-7260,7260,Ziolkowski,D,Dc,ROM,,986dc2e3,Jan Ziółkowski,https://fbref.com/en/players/986dc2e3/Jan-Ziolkowski,confirmed,empty-template,Serie A,,,,,,,,,,,,,,
fc-7211,7211,Athekame,D,Dd/E,MIL,Real Pisistrius,c1356739,Zachary Athekame,https://fbref.com/en/players/c1356739/Zachary-Athekame,confirmed,empty-template,Serie A,,,,,,,,,,,,,,
fc-7125,7125,Idrissi R.,D,Ds/E,CAG,As Paperopoli,39003cd3,Riyad Idrissi,https://fbref.com/en/players/39003cd3/Riyad-Idrissi,confirmed,empty-template,Serie A,,,,,,,,,,,,,,
fc-7069,7069,Fortini,D,E,FIO,As Paperopoli,ed336580,Niccolò Fortini,https://fbref.com/en/players/ed336580/Niccolo-Fortini,confirmed,empty-template,Serie A,,,,,,,,,,,,,,
fc-6977,6977,Otoa,D,Dc,GEN,,a214da59,Sebastian Otoa,https://fbref.com/en/players/a214da59/Sebastian-Otoa,confirmed,empty-template,Serie A,,,,,,,,,,,,,,
fc-6039,6039,Cabal,D,B/Ds/E,JUV,real mappine,ef6eef89,Juan David Cabal,https://fbref.com/en/players/ef6eef89/Juan-David-Cabal,confirmed,empty-template,Serie A,,,,,,,,,,,,,,
fc-5820,5820,Bertola,D,Dc,UDI,,04b40c58,Nicolò Bertola,https://fbref.com/en/players/04b40c58/Nicolo-Bertola,confirmed,empty-template,Serie A,,,,,,,,,,,,,,
fc-5498,5498,Casale,D,Dc,BOL,,3f5f38fb,Nicolò Casale,https://fbref.com/en/players/3f5f38fb/Nicolo-Casale,confirmed,empty-template,Serie A,,,,,,,,,,,,,,
fc-4263,4263,Kabasele,D,Dc,UDI,Beetlejuice,914ab9a1,Christian Kabasele,https://fbref.com/en/players/914ab9a1/Christian-Kabasele,confirmed,empty-template,Serie A,,,,,,,,,,,,,,
fc-2728,2728,Pellegrini Lu.,D,Ds/E,LAZ,,3b61c9ec,Luca Pellegrini,https://fbref.com/en/players/3b61c9ec/Luca-Pellegrini,confirmed,empty-template,Serie A,,,,,,,,,,,,,,
fc-2263,2263,Lazzari,D,Dd/E,LAZ,,02caf6e0,Manuel Lazzari,https://fbref.com/en/players/02caf6e0/Manuel-Lazzari,confirmed,empty-template,Serie A,,,,,,,,,,,,,,
fc-612,612,Bianchetti,D,Dc,CRE,,b3a20f18,Matteo Bianchetti,https://fbref.com/en/players/b3a20f18/Matteo-Bianchetti,confirmed,empty-template,Serie A,,,,,,,,,,,,,,
fc-322,322,De Vrij,D,Dc,INT,Prestige Worldwide,d0d8dd44,Stefan de Vrij,https://fbref.com/en/players/d0d8dd44/Stefan-de-Vrij,confirmed,empty-template,Serie A,,,,,,,,,,,,,,
fc-5320,5320,Paleari,P,Por,TOR,Real Pisistrius,94a3606c,Alberto Paleari,https://fbref.com/en/players/94a3606c/Alberto-Paleari,confirmed,empty-template,Serie A,,,,,,,,,,,,,,
fc-7249,7249,Buksa,A,Pc,UDI,,3b676989,Adam Buksa,https://fbref.com/en/players/3b676989/Adam-Buksa,confirmed,empty-template,Serie A,,,,,,,,,,,,,,
fc-7183,7183,Aboukhlal,A,A,TOR,,c2a6033c,Zakaria Aboukhlal,https://fbref.com/en/players/c2a6033c/Zakaria-Aboukhlal,confirmed,empty-template,Serie A,,,,,,,,,,,,,,
fc-7162,7162,Giovane,A,A,NAP,Real Pisistrius,1b567cdc,Giovane,https://fbref.com/en/players/1b567cdc/Giovane,confirmed,empty-template,Serie A,,,,,,,,,,,,,,
fc-7161,7161,Bayo V.,A,Pc,UDI,,132f161f,Vakoun Bayo,https://fbref.com/en/players/132f161f/Vakoun-Bayo,confirmed,empty-template,Serie A,,,,,,,,,,,,,,
fc-6895,6895,Dominguez B.,A,W/A,BOL,,a83b47fa,Benjamín Domínguez,https://fbref.com/en/players/a83b47fa/Benjamin-Dominguez,confirmed,empty-template,Serie A,,,,,,,,,,,,,,
fc-6822,6822,Ekhator,A,A,GEN,real mappine,faf739d2,Jeff Ekhator,https://fbref.com/en/players/faf739d2/Jeff-Ekhator,confirmed,empty-template,Serie A,,,,,,,,,,,,,,
fc-6675,6675,Dovbyk,A,Pc,ROM,real mappine,5b847bb0,Artem Dovbyk,https://fbref.com/en/players/5b847bb0/Artem-Dovbyk,confirmed,empty-template,Serie A,,,,,,,,,,,,,,
fc-6630,6630,Mosquera,A,Pc,VER,,091b9eb8,Daniel Mosquera,https://fbref.com/en/players/091b9eb8/Daniel-Mosquera,confirmed,empty-template,Serie A,,,,,,,,,,,,,,
fc-6519,6519,Camarda,A,Pc,LEC,Olympic Salerno  FC,1956a64b,Francesco Camarda,https://fbref.com/en/players/1956a64b/Francesco-Camarda,confirmed,empty-template,Serie A,,,,,,,,,,,,,,
fc-6314,6314,Openda,A,Pc,JUV,Afc Severgas Baronissi,8652a85c,Loïs Openda,https://fbref.com/en/players/8652a85c/Lois-Openda,confirmed,empty-template,Serie A,,,,,,,,,,,,,,
fc-6159,6159,Sarr A.,A,A,VER,,d5326924,Amin Sarr,https://fbref.com/en/players/d5326924/Amin-Sarr,confirmed,empty-template,Serie A,,,,,,,,,,,,,,
fc-5471,5471,Djuric,A,Pc,CRE,,405f6586,Milan Đurić,https://fbref.com/en/players/405f6586/Milan-Djuric,confirmed,empty-template,Serie A,,,,,,,,,,,,,,
fc-7276,7276,Cremaschi,C,C,PAR,,03a446a2,Ben Cremaschi,https://fbref.com/en/players/03a446a2/Ben-Cremaschi,confirmed,empty-template,Serie A,,,,,,,,,,,,,,
fc-7254,7254,Lorran,C,T,PIS,,f87b8eed,Lorran,https://fbref.com/en/players/f87b8eed/Lorran,confirmed,empty-template,Serie A,,,,,,,,,,,,,,
fc-7157,7157,Iannoni,C,C,SAS,,59f33d97,Edoardo Iannoni,https://fbref.com/en/players/59f33d97/Edoardo-Iannoni,confirmed,empty-template,Serie A,,,,,,,,,,,,,,
fc-7149,7149,Marin M.,C,M/C,PIS,,a5106847,Marius Marin,https://fbref.com/en/players/a5106847/Marius-Marin,confirmed,empty-template,Serie A,,,,,,,,,,,,,,
fc-7132,7132,Collocolo,C,M/C,CRE,,b7946402,Michele Collocolo,https://fbref.com/en/players/b7946402/Michele-Collocolo,confirmed,empty-template,Serie A,,,,,,,,,,,,,,
fc-6481,6481,Payero,C,C,CRE,,bdbff2b5,Martín Payero,https://fbref.com/en/players/bdbff2b5/Martin-Payero,confirmed,empty-template,Serie A,,,,,,,,,,,,,,
fc-6246,6246,Lipani,C,M/C,SAS,,1dc5a029,Luca Lipani,https://fbref.com/en/players/1dc5a029/Luca-Lipani,confirmed,empty-template,Serie A,,,,,,,,,,,,,,
fc-6005,6005,Ilkhan,C,C/T,TOR,,a47c6309,Emirhan İlkhan,https://fbref.com/en/players/a47c6309/Emirhan-Ilkhan,confirmed,empty-template,Serie A,,,,,,,,,,,,,,
fc-5561,5561,Stengs,C,W/T,PIS,,8f7e6783,Calvin Stengs,https://fbref.com/en/players/8f7e6783/Calvin-Stengs,confirmed,empty-template,Serie A,,,,,,,,,,,,,,
fc-5290,5290,Estevez,C,M/C,PAR,,cec60a2f,Nahuel Estévez,https://fbref.com/en/players/cec60a2f/Nahuel-Estevez,confirmed,empty-template,Serie A,,,,,,,,,,,,,,
fc-5007,5007,Ilic,C,C,TOR,,bb376bed,Ivan Ilić,https://fbref.com/en/players/bb376bed/Ivan-Ilic,confirmed,empty-template,Serie A,,,,,,,,,,,,,,
fc-4711,4711,Kostic,C,E/W,JUV,,b1cd37e6,Filip Kostić,https://fbref.com/en/players/b1cd37e6/Filip-Kostic,confirmed,empty-template,Serie A,,,,,,,,,,,,,,
fc-4459,4459,Rovella,C,M/C,LAZ,,e58cbfd5,Nicolò Rovella,https://fbref.com/en/players/e58cbfd5/Nicolo-Rovella,confirmed,empty-template,Serie A,,,,,,,,,,,,,,
fc-27,27,Grassi,C,M/C,CRE,,6cc97b6a,Alberto Grassi,https://fbref.com/en/players/6cc97b6a/Alberto-Grassi,confirmed,empty-template,Serie A,,,,,,,,,,,,,,
fc-7335,7335,Zatterstrom,D,Dc,GEN,,10a69a43,Nils Zätterström,https://fbref.com/en/players/10a69a43/Nils-Zatterstrom,confirmed,empty-template,Serie A,,,,,,,,,,,,,,
fc-7325,7325,Bozhinov,D,Dc,PIS,,8c053d3c,Rosen Bozhinov,https://fbref.com/en/players/8c053d3c/Rosen-Bozhinov,confirmed,empty-template,Serie A,,,,,,,,,,,,,,
fc-7255,7255,Britschgi,D,Dd/Ds/E,PAR,FC DueFratelli2005,a80fd995,Sascha Britschgi,https://fbref.com/en/players/a80fd995/Sascha-Britschgi,confirmed,empty-template,Serie A,,,,,,,,,,,,,,
fc-7130,7130,Folino,D,Dc,CRE,,051104b5,Francesco Folino,https://fbref.com/en/players/051104b5/Francesco-Folino,confirmed,empty-template,Serie A,,,,,,,,,,,,,,
fc-6957,6957,Valentini N.,D,Dc,VER,,a43e4f9c,Nicolás Valentini,https://fbref.com/en/players/a43e4f9c/Nicolas-Valentini,confirmed,empty-template,Serie A,,,,,,,,,,,,,,
fc-6896,6896,Van Der Brempt,D,Dd/E,COM,,2bf50b37,Ignace Van Der Brempt,https://fbref.com/en/players/2bf50b37/Ignace-Van-Der-Brempt,confirmed,empty-template,Serie A,,,,,,,,,,,,,,
fc-6809,6809,Marianucci,D,Dc,TOR,,64e6778a,Luca Marianucci,https://fbref.com/en/players/64e6778a/Luca-Marianucci,confirmed,empty-template,Serie A,,,,,,,,,,,,,,
fc-6230,6230,Dossena,D,Dc,CAG,,61efb926,Alberto Dossena,https://fbref.com/en/players/61efb926/Alberto-Dossena,confirmed,empty-template,Serie A,,,,,,,,,,,,,,
fc-6211,6211,Zemura,D,Ds/E,UDI,,e8271ad9,Jordan Zemura,https://fbref.com/en/players/e8271ad9/Jordan-Zemura,confirmed,empty-template,Serie A,,,,,,,,,,,,,,
fc-5831,5831,Gatti,D,Dc,JUV,,18dd3219,Federico Gatti,https://fbref.com/en/players/18dd3219/Federico-Gatti,confirmed,empty-template,Serie A,,,,,,,,,,,,,,
fc-5678,5678,Holm,D,Dd/E,JUV,River Plaid,c2357b65,Emil Holm,https://fbref.com/en/players/c2357b65/Emil-Holm,confirmed,empty-template,Serie A,,,,,,,,,,,,,,
fc-5578,5578,Kossounou,D,Dd/Dc,ATA,Afc Severgas Baronissi,1f3afdcb,Odilon Kossounou,https://fbref.com/en/players/1f3afdcb/Odilon-Kossounou,confirmed,empty-template,Serie A,,,,,,,,,,,,,,
fc-5273,5273,Estupinan,D,Ds/E,MIL,,d38fdf53,Pervis Estupiñán,https://fbref.com/en/players/d38fdf53/Pervis-Estupinan,confirmed,empty-template,Serie A,,,,,,,,,,,,,,
fc-5168,5168,Tsimikas,D,Ds/E,ROM,real mappine,f315ca93,Kostas Tsimikas,https://fbref.com/en/players/f315ca93/Kostas-Tsimikas,confirmed,empty-template,Serie A,,,,,,,,,,,,,,
fc-5156,5156,Nkounkou,D,Ds/E,TOR,,f5b281e7,Niels Nkounkou,https://fbref.com/en/players/f5b281e7/Niels-Nkounkou,confirmed,empty-template,Serie A,,,,,,,,,,,,,,
fc-4665,4665,Maripan,D,Dc,TOR,River Plaid,d9764034,Guillermo Maripán,https://fbref.com/en/players/d9764034/Guillermo-Maripan,confirmed,empty-template,Serie A,,,,,,,,,,,,,,
fc-4461,4461,Zappa,D,B/Dd/E,CAG,,ca3db240,Gabriele Zappa,https://fbref.com/en/players/ca3db240/Gabriele-Zappa,confirmed,empty-template,Serie A,,,,,,,,,,,,,,
fc-2525,2525,Darmian,D,B/Dd/E,INT,,96e0490d,Matteo Darmian,https://fbref.com/en/players/96e0490d/Matteo-Darmian,confirmed,empty-template,Serie A,,,,,,,,,,,,,,
fc-2279,2279,Romagna,D,Dc,SAS,,84594618,Filippo Romagna,https://fbref.com/en/players/84594618/Filippo-Romagna,confirmed,empty-template,Serie A,,,,,,,,,,,,,,
fc-697,697,Cuadrado,D,E,PIS,,0ab1f153,Juan Cuadrado,https://fbref.com/en/players/0ab1f153/Juan-Cuadrado,confirmed,empty-template,Serie A,,,,,,,,,,,,,,
fc-487,487,De Silvestri,D,Dd/E,BOL,,e74f0e59,Lorenzo De Silvestri,https://fbref.com/en/players/e74f0e59/Lorenzo-De-Silvestri,confirmed,empty-template,Serie A,,,,,,,,,,,,,,
fc-388,388,Albiol,D,Dc,PIS,,4bd414c1,Raúl Albiol,https://fbref.com/en/players/4bd414c1/Raul-Albiol,confirmed,empty-template,Serie A,,,,,,,,,,,,,,
fc-6641,6641,Suzuki,P,Por,PAR,,51e1f4f5,Zion Suzuki,https://fbref.com/en/players/51e1f4f5/Zion-Suzuki,confirmed,empty-template,Serie A,,,,,,,,,,,,,,
fc-7344,7344,Stojilkovic,A,Pc,PIS,,0cbe584d,Filip Stojilković,https://fbref.com/en/players/0cbe584d/Filip-Stojilkovic,confirmed,empty-template,Serie A,,,,,,,,,,,,,,
fc-7199,7199,Kilicsoy,A,A,CAG,FC DueFratelli2005,3064f033,Semih Kılıçsoy,https://fbref.com/en/players/3064f033/Semih-Kilicsoy,confirmed,empty-template,Serie A,,,,,,,,,,,,,,
fc-6207,6207,Almqvist,A,W/A,PAR,,0917188a,Pontus Almqvist,https://fbref.com/en/players/0917188a/Pontus-Almqvist,confirmed,empty-template,Serie A,,,,,,,,,,,,,,
fc-5918,5918,Sulemana K.,A,A,ATA,Real Pisistrius,a62f8bf1,Kamaldeen Sulemana,https://fbref.com/en/players/a62f8bf1/Kamaldeen-Sulemana,confirmed,empty-template,Serie A,,,,,,,,,,,,,,
fc-247,247,Pavoletti,A,Pc,CAG,,d37b0350,Leonardo Pavoletti,https://fbref.com/en/players/d37b0350/Leonardo-Pavoletti,confirmed,empty-template,Serie A,,,,,,,,,,,,,,
fc-7147,7147,Hojholt,C,M/C,PIS,,b52b9079,Malthe Hojholt,https://fbref.com/en/players/b52b9079/Malthe-Hojholt,confirmed,empty-template,Serie A,,,,,,,,,,,,,,
fc-7036,7036,Bakola,C,C/T,SAS,,57de24a3,Darryl Bakola,https://fbref.com/en/players/57de24a3/Darryl-Bakola,confirmed,empty-template,Serie A,,,,,,,,,,,,,,
fc-7010,7010,Al-Musrati,C,M/C,VER,,cd6a1a59,Al-Musrati,https://fbref.com/en/players/cd6a1a59/Al-Musrati,confirmed,empty-template,Serie A,,,,,,,,,,,,,,
fc-6917,6917,Masini,C,M/C,GEN,,151354b8,Patrizio Masini,https://fbref.com/en/players/151354b8/Patrizio-Masini,confirmed,empty-template,Serie A,,,,,,,,,,,,,,
fc-6640,6640,Felici,C,W,CAG,,38aa2612,Mattia Felici,https://fbref.com/en/players/38aa2612/Mattia-Felici,confirmed,empty-template,Serie A,,,,,,,,,,,,,,
fc-6191,6191,Belahyane,C,M/C,LAZ,,705a1642,Reda Belahyane,https://fbref.com/en/players/705a1642/Reda-Belahyane,confirmed,empty-template,Serie A,,,,,,,,,,,,,,
fc-5872,5872,Helgason,C,C/T,LEC,real mappine,dc765618,Þórir Jóhann Helgason,https://fbref.com/en/players/dc765618/Thorir-Johann-Helgason,confirmed,empty-template,Serie A,,,,,,,,,,,,,,
fc-7326,7326,Helland,D,Dd/Dc,BOL,,c6218f7a,Eivind Helland,https://fbref.com/en/players/c6218f7a/Eivind-Helland,confirmed,empty-template,Serie A,,,,,,,,,,,,,,
fc-7182,7182,Ndaba,D,Ds/E,LEC,,4db55657,Corrie Ndaba,https://fbref.com/en/players/4db55657/Corrie-Ndaba,confirmed,empty-template,Serie A,,,,,,,,,,,,,,
fc-7068,7068,Vitik,D,Dc,BOL,As Paperopoli,b6b6bfc4,Martin Vitík,https://fbref.com/en/players/b6b6bfc4/Martin-Vitik,confirmed,empty-template,Serie A,,,,,,,,,,,,,,
fc-7011,7011,Slotsager,D,Dc,VER,,a20b6f5e,Tobias Slotsager,https://fbref.com/en/players/a20b6f5e/Tobias-Slotsager,confirmed,empty-template,Serie A,,,,,,,,,,,,,,
fc-5994,5994,Ebosse,D,Ds/Dc,TOR,,9ba7b4fa,Enzo Ebosse,https://fbref.com/en/players/9ba7b4fa/Enzo-Ebosse,confirmed,empty-template,Serie A,,,,,,,,,,,,,,
fc-5481,5481,Mazzocchi,D,Dd/Ds/E,NAP,,eb0ec070,Pasquale Mazzocchi,https://fbref.com/en/players/eb0ec070/Pasquale-Mazzocchi,confirmed,empty-template,Serie A,,,,,,,,,,,,,,
fc-4772,4772,Angelino,D,E,ROM,Ac Milan,30941e96,Angeliño,https://fbref.com/en/players/30941e96/Angelino,confirmed,empty-template,Serie A,,,,,,,,,,,,,,
fc-2006,2006,Lirola,D,B/Dd/E,VER,,ff800ed8,Pol Lirola,https://fbref.com/en/players/ff800ed8/Pol-Lirola,confirmed,empty-template,Serie A,,,,,,,,,,,,,,
fc-1891,1891,Ceccherini,D,Dd/Dc,CRE,,d9624b51,Federico Ceccherini,https://fbref.com/en/players/d9624b51/Federico-Ceccherini,confirmed,empty-template,Serie A,,,,,,,,,,,,,,
fc-7345,7345,Przyborek,C,W/T,LAZ,,8d5d4a98,Adrian Przyborek,https://fbref.com/en/players/8d5d4a98/Adrian-Przyborek,confirmed,empty-template,Serie A,,,,,,,,,,,,,,
fc-7319,7319,Fofana Sa.,C,M/C,LEC,,9ed58e6b,Sadik Fofana,https://fbref.com/en/players/9ed58e6b/Sadik-Fofana,confirmed,empty-template,Serie A,,,,,,,,,,,,,,
fc-7165,7165,Liteta,C,M/C,CAG,,319eb631,Joseph Liteta,https://fbref.com/en/players/319eb631/Joseph-Liteta,confirmed,empty-template,Serie A,,,,,,,,,,,,,,
fc-7150,7150,Vural,C,C,PIS,,c7d1b2ff,İsak Vural,https://fbref.com/en/players/c7d1b2ff/Isak-Vural,confirmed,empty-template,Serie A,,,,,,,,,,,,,,
fc-6212,6212,Zarraga,C,M/C,UDI,,968a1c2f,Oier Zarraga,https://fbref.com/en/players/968a1c2f/Oier-Zarraga,confirmed,empty-template,Serie A,,,,,,,,,,,,,,
fc-7222,7222,Cham,D,Dd/Ds/E,VER,,aa83c24f,Fallou Cham,https://fbref.com/en/players/aa83c24f/Fallou-Cham,confirmed,empty-template,Serie A,,,,,,,,,,,,,,
fc-2745,2745,Calabresi,D,B/Dd/E,PIS,,34bb6fbd,Arturo Calabresi,https://fbref.com/en/players/34bb6fbd/Arturo-Calabresi,confirmed,empty-template,Serie A,,,,,,,,,,,,,,
fc-418,418,Goldaniga,D,Dc,COM,,4b029b31,Edoardo Goldaniga,https://fbref.com/en/players/4b029b31/Edoardo-Goldaniga,confirmed,empty-template,Serie A,,,,,,,,,,,,,,
fc-4236,4236,Muric,P,Por,SAS,As Paperopoli,99aa1a84,Arijanet Muric,https://fbref.com/en/players/99aa1a84/Arijanet-Muric,confirmed,empty-template,Serie A,,,,,,,,,,,,,,
fc-7213,7213,Frigan,A,Pc,PAR,FC DueFratelli2005,6fa81fa5,Matija Frigan,https://fbref.com/en/players/6fa81fa5/Matija-Frigan,confirmed,empty-template,Serie A,,,,,,,,,,,,,,
fc-6555,6555,Moumbagna,A,Pc,CRE,,58aae0a9,Faris Pemi Moumbagna,https://fbref.com/en/players/58aae0a9/Faris-Pemi-Moumbagna,confirmed,empty-template,Serie A,,,,,,,,,,,,,,
fc-5515,5515,Okereke,A,A,CRE,,d125f22f,David Okereke,https://fbref.com/en/players/d125f22f/David-Okereke,confirmed,empty-template,Serie A,,,,,,,,,,,,,,
fc-2012,2012,Milik,A,Pc,JUV,,85613cf0,Arkadiusz Milik,https://fbref.com/en/players/85613cf0/Arkadiusz-Milik,confirmed,empty-template,Serie A,,,,,,,,,,,,,,
fc-7357,7357,Lahdo,C,C/T,COM,,b0d2c09a,Adrian Lahdo,https://fbref.com/en/players/b0d2c09a/Adrian-Lahdo,confirmed,empty-template,Serie A,,,,,,,,,,,,,,
fc-5457,5457,Maleh,C,M/C,CRE,,4c8845f7,Youssef Maleh,https://fbref.com/en/players/4c8845f7/Youssef-Maleh,confirmed,empty-template,Serie A,,,,,,,,,,,,,,
fc-4677,4677,Cornet,C,W,GEN,,beb391dd,Maxwel Cornet,https://fbref.com/en/players/beb391dd/Maxwel-Cornet,confirmed,empty-template,Serie A,,,,,,,,,,,,,,
fc-7271,7271,Odogu,D,Dc,MIL,,6a58d68c,David Odogu,https://fbref.com/en/players/6a58d68c/David-Odogu,confirmed,empty-template,Serie A,,,,,,,,,,,,,,
fc-7202,7202,Ndiaye,D,Dc,PAR,Real Pisistrius,b8cd2ae4,Abdoulaye Ndiaye,https://fbref.com/en/players/b8cd2ae4/Abdoulaye-Ndiaye,confirmed,empty-template,Serie A,,,,,,,,,,,,,,
fc-6985,6985,Candè,D,Ds/Dc,SAS,,3cc4bb19,Fali Candé,https://fbref.com/en/players/3cc4bb19/Fali-Cande,confirmed,empty-template,Serie A,,,,,,,,,,,,,,
fc-6870,6870,Faye,D,Dc,CRE,,b37ae816,Mikayil Ngor Faye,https://fbref.com/en/players/b37ae816/Mikayil-Ngor-Faye,confirmed,empty-template,Serie A,,,,,,,,,,,,,,
fc-252,252,Biraghi,D,Ds/E,TOR,,9e1577aa,Cristiano Biraghi,https://fbref.com/en/players/9e1577aa/Cristiano-Biraghi,confirmed,empty-template,Serie A,,,,,,,,,,,,,,
fc-6662,6662,Corvi,P,Por,PAR,As Paperopoli,a89398db,Edoardo Corvi,https://fbref.com/en/players/a89398db/Edoardo-Corvi,confirmed,empty-template,Serie A,,,,,,,,,,,,,,
fc-4957,4957,Montipò,P,Por,VER,Ac Milan,c1d95617,Lorenzo Montipò,https://fbref.com/en/players/c1d95617/Lorenzo-Montipo,confirmed,empty-template,Serie A,,,,,,,,,,,,,,
fc-4867,4867,Turati,P,Por,SAS,,bf168004,Stefano Turati,https://fbref.com/en/players/bf168004/Stefano-Turati,confirmed,empty-template,Serie A,,,,,,,,,,,,,,
fc-6827,6827,Njie,A,A,TOR,,15918c9c,Alieu Njie,https://fbref.com/en/players/15918c9c/Alieu-Njie,confirmed,empty-template,Serie A,,,,,,,,,,,,,,
fc-6538,6538,Onana J.,C,M/C,GEN,,b5bb8188,Jean Onana,https://fbref.com/en/players/b5bb8188/Jean-Onana,confirmed,empty-template,Serie A,,,,,,,,,,,,,,
fc-6219,6219,Boloca,C,M/C,SAS,,85f7ed25,Daniel Boloca,https://fbref.com/en/players/85f7ed25/Daniel-Boloca,confirmed,empty-template,Serie A,,,,,,,,,,,,,,
fc-5788,5788,Sabiri,C,T,FIO,,4830e0af,Abdelhamid Sabiri,https://fbref.com/en/players/4830e0af/Abdelhamid-Sabiri,confirmed,empty-template,Serie A,,,,,,,,,,,,,,
fc-7377,7377,Balbo,D,Ds/E,FIO,,cdcdb350,Luís Balbo,https://fbref.com/en/players/cdcdb350/Luis-Balbo,confirmed,empty-template,Serie A,,,,,,,,,,,,,,
fc-7196,7196,Denoon,D,Dc,PIS,,030d6f99,Daniel Denoon,https://fbref.com/en/players/030d6f99/Daniel-Denoon,confirmed,empty-template,Serie A,,,,,,,,,,,,,,
fc-7140,7140,Coppola F.,D,Dc,PIS,,387335e7,Francesco Coppola,https://fbref.com/en/players/387335e7/Francesco-Coppola,confirmed,empty-template,Serie A,,,,,,,,,,,,,,
fc-6992,6992,Oyegoke,D,B/Dd/E,VER,,c9866d69,Daniel Oyegoke,https://fbref.com/en/players/c9866d69/Daniel-Oyegoke,confirmed,empty-template,Serie A,,,,,,,,,,,,,,
fc-6665,6665,Coulibaly W.,D,Dd/Ds/E,SAS,,beb6e3a6,Woyo Coulibaly,https://fbref.com/en/players/beb6e3a6/Woyo-Coulibaly,confirmed,empty-template,Serie A,,,,,,,,,,,,,,
fc-6149,6149,Carboni F.,D,Ds/E,PAR,,b033f803,Franco Carboni,https://fbref.com/en/players/b033f803/Franco-Carboni,confirmed,empty-template,Serie A,,,,,,,,,,,,,,
fc-140,140,Hysaj,D,Dd/Ds/E,LAZ,,2f3452eb,Elseid Hysaj,https://fbref.com/en/players/2f3452eb/Elseid-Hysaj,confirmed,empty-template,Serie A,,,,,,,,,,,,,,
fc-7353,7353,Pedro Felipe,D,Dc,SAS,,e95e9749,Pedro Felipe,https://fbref.com/en/players/e95e9749/Pedro-Felipe,confirmed,empty-template,Serie A,,,,,,,,,,,,,,
fc-7156,7156,Pieragnolo,D,Ds/E,SAS,,ae67e0c4,Edoardo Pieragnolo,https://fbref.com/en/players/ae67e0c4/Edoardo-Pieragnolo,confirmed,empty-template,Serie A,,,,,,,,,,,,,,
fc-6883,6883,Jean,D,Dc,LEC,,5f130a19,Gaby Jean,https://fbref.com/en/players/5f130a19/Gaby-Jean,confirmed,empty-template,Serie A,,,,,,,,,,,,,,
fc-5899,5899,Gigot,D,Dc,LAZ,,41eebdf5,Samuel Gigot,https://fbref.com/en/players/41eebdf5/Samuel-Gigot,confirmed,empty-template,Serie A,,,,,,,,,,,,,,
fc-2861,2861,Semper,P,Por,PIS,,f02dde20,Adrian Šemper,https://fbref.com/en/players/f02dde20/Adrian-Semper,confirmed,empty-template,Serie A,,,,,,,,,,,,,,
fc-2722,2722,Ravaglia F.,P,Por,BOL,Prestige Worldwide,6662d731,Federico Ravaglia,https://fbref.com/en/players/6662d731/Federico-Ravaglia,confirmed,empty-template,Serie A,,,,,,,,,,,,,,
fc-6645,6645,Marchwinski,C,T,LEC,,55a88fd9,Filip Marchwiński,https://fbref.com/en/players/55a88fd9/Filip-Marchwinski,confirmed,empty-template,Serie A,,,,,,,,,,,,,,
fc-7164,7164,Perez M.,D,Dd/Dc,LEC,,2726054a,Matías Pérez,https://fbref.com/en/players/2726054a/Matias-Perez,confirmed,empty-template,Serie A,,,,,,,,,,,,,,
fc-7172,7172,Pessina Mas.,P,Por,BOL,,085a07e8,Massimo Pessina,https://fbref.com/en/players/085a07e8/Massimo-Pessina,confirmed,empty-template,Serie A,,,,,,,,,,,,,,
fc-7388,7388,Mosconi,A,A,INT,,509f2e6f,Mattia Mosconi,https://fbref.com/en/players/509f2e6f/Mattia-Mosconi,confirmed,empty-template,Serie A,,,,,,,,,,,,,,
fc-7381,7381,Mikolajewski,A,Pc,PAR,,e72fa318,Daniel Mikołajewski,https://fbref.com/en/players/e72fa318/Daniel-Mikolajewski,confirmed,empty-template,Serie A,,,,,,,,,,,,,,
fc-7368,7368,Vermesan,A,Pc,VER,,29757eac,Ioan Vermeșan,https://fbref.com/en/players/29757eac/Ioan-Vermesan,confirmed,empty-template,Serie A,,,,,,,,,,,,,,
fc-7338,7338,Albarracin,A,A,CAG,,54d8e26a,Agustín Albarracín,https://fbref.com/en/players/54d8e26a/Agustin-Albarracin,confirmed,empty-template,Serie A,,,,,,,,,,,,,,
fc-7317,7317,Trepy,A,Pc,CAG,,20c36c00,Yael Trepy,https://fbref.com/en/players/20c36c00/Yael-Trepy,confirmed,empty-template,Serie A,,,,,,,,,,,,,,
fc-7309,7309,Isaac,A,Pc,VER,,f689c342,Isaac,https://fbref.com/en/players/f689c342/Isaac,confirmed,empty-template,Serie A,,,,,,,,,,,,,,
fc-7277,7277,Arena A.,A,Pc,ROM,,b4e9e1e3,Antonio Arena,https://fbref.com/en/players/b4e9e1e3/Antonio-Arena,confirmed,empty-template,Serie A,,,,,,,,,,,,,,
fc-7272,7272,Gueye,A,Pc,UDI,,bfecfbde,Idrissa Guèye,https://fbref.com/en/players/bfecfbde/Idrissa-Gueye,confirmed,empty-template,Serie A,,,,,,,,,,,,,,
fc-7262,7262,Balentien,A,A,MIL,,,,,needs-review,needs-fbref-mapping,Serie A,,,,,,,,,,,,,,Da compilare dopo associazione FBref stabile.
fc-7239,7239,Braschi,A,Pc,FIO,,74269b2c,Riccardo Braschi,https://fbref.com/en/players/74269b2c/Riccardo-Braschi,confirmed,empty-template,Serie A,,,,,,,,,,,,,,
fc-7158,7158,Moro L.,A,Pc,SAS,,96281a90,Luca Moro,https://fbref.com/en/players/96281a90/Luca-Moro,confirmed,empty-template,Serie A,,,,,,,,,,,,,,
fc-7322,7322,Ngom,C,M/C,LEC,,2fd5aca2,Oumar Ngom,https://fbref.com/en/players/2fd5aca2/Oumar-Ngom,confirmed,empty-template,Serie A,,,,,,,,,,,,,,
fc-7248,7248,Gorter,C,M/C,LEC,,7b2e8e08,Olaf Gorter,https://fbref.com/en/players/7b2e8e08/Olaf-Gorter,confirmed,empty-template,Serie A,,,,,,,,,,,,,,
fc-6677,6677,Adzic,C,C/T,JUV,Afc Severgas Baronissi,8b0f9fb8,Vasilije Adžić,https://fbref.com/en/players/8b0f9fb8/Vasilije-Adzic,confirmed,empty-template,Serie A,,,,,,,,,,,,,,
fc-7346,7346,Raterink,D,Dd/E,CAG,,f3eb2f17,Othniel Raterink,https://fbref.com/en/players/f3eb2f17/Othniel-Raterink,confirmed,empty-template,Serie A,,,,,,,,,,,,,,
fc-7312,7312,Arizala,D,Ds/E,UDI,,82f2e5c8,Juan Arizala,https://fbref.com/en/players/82f2e5c8/Juan-Arizala,confirmed,empty-template,Serie A,,,,,,,,,,,,,,
fc-7238,7238,Kouadio,D,Dc,FIO,,7067db90,Eddy Kouadio,https://fbref.com/en/players/7067db90/Eddy-Kouadio,confirmed,empty-template,Serie A,,,,,,,,,,,,,,
fc-7383,7383,Giacomone,P,Por,LAZ,,d489fb0a,Giacomo Giacomone,https://fbref.com/en/players/d489fb0a/Giacomo-Giacomone,confirmed,empty-template,Serie A,,,,,,,,,,,,,,
fc-7382,7382,Pannozzo,P,Por,LAZ,,72a467c3,Nicolò Pannozzo,https://fbref.com/en/players/72a467c3/Nicolo-Pannozzo,confirmed,empty-template,Serie A,,,,,,,,,,,,,,
fc-7363,7363,Siviero,P,Por,TOR,,5801df6a,Lapo Siviero,https://fbref.com/en/players/5801df6a/Lapo-Siviero,confirmed,empty-template,Serie A,,,,,,,,,,,,,,
fc-7301,7301,Tornqvist,P,Por,COM,,6bf54cff,Noel Törnqvist,https://fbref.com/en/players/6bf54cff/Noel-Tornqvist,confirmed,empty-template,Serie A,,,,,,,,,,,,,,
fc-7285,7285,Ferrante,P,Por,NAP,,3b86be32,Mathias Ferrante,https://fbref.com/en/players/3b86be32/Mathias-Ferrante,confirmed,empty-template,Serie A,,,,,,,,,,,,,,
fc-7261,7261,Cavlina,P,Por,COM,,a074eda6,Nikola Čavlina,https://fbref.com/en/players/a074eda6/Nikola-Cavlina,confirmed,empty-template,Serie A,,,,,,,,,,,,,,
fc-7236,7236,Toniolo,P,Por,VER,,32ad2eb8,Giacomo Toniolo,https://fbref.com/en/players/32ad2eb8/Giacomo-Toniolo,confirmed,empty-template,Serie A,,,,,,,,,,,,,,
fc-7185,7185,Nunziante,P,Por,UDI,,12438e0a,Alessandro Nunziante,https://fbref.com/en/players/12438e0a/Alessandro-Nunziante,confirmed,empty-template,Serie A,,,,,,,,,,,,,,
fc-7179,7179,Israel,P,Por,TOR,Real Pisistrius,1f994616,Franco Israel,https://fbref.com/en/players/1f994616/Franco-Israel,confirmed,empty-template,Serie A,,,,,,,,,,,,,,
fc-7169,7169,Zelezny,P,Por,ROM,,d1703712,Radek Żelezny,https://fbref.com/en/players/d1703712/Radek-Zelezny,confirmed,empty-template,Serie A,,,,,,,,,,,,,,
fc-7042,7042,Calligaris,P,Por,INT,,2bd46514,Alessandro Calligaris,https://fbref.com/en/players/2bd46514/Alessandro-Calligaris,confirmed,empty-template,Serie A,,,,,,,,,,,,,,
fc-6991,6991,Siegrist,P,Por,GEN,,46912ffe,Benjamin Siegrist,https://fbref.com/en/players/46912ffe/Benjamin-Siegrist,confirmed,empty-template,Serie A,,,,,,,,,,,,,,
fc-6842,6842,Sava,P,Por,UDI,,41efbd34,Razvan Sava,https://fbref.com/en/players/41efbd34/Razvan-Sava,confirmed,empty-template,Serie A,,,,,,,,,,,,,,
fc-6813,6813,Torriani,P,Por,MIL,real mappine,6dd75985,Lorenzo Torriani,https://fbref.com/en/players/6dd75985/Lorenzo-Torriani,confirmed,empty-template,Serie A,,,,,,,,,,,,,,
fc-6650,6650,Sherri,P,Por,CAG,,eebf35b6,Alen Sherri,https://fbref.com/en/players/eebf35b6/Alen-Sherri,confirmed,empty-template,Serie A,,,,,,,,,,,,,,
fc-6523,6523,Samooja,P,Por,LEC,,8f3f09e3,Jasper Samooja,https://fbref.com/en/players/8f3f09e3/Jasper-Samooja,confirmed,empty-template,Serie A,,,,,,,,,,,,,,
fc-6505,6505,Nava,P,Por,CRE,,c0f732e1,Lapo Nava,https://fbref.com/en/players/c0f732e1/Lapo-Nava,confirmed,empty-template,Serie A,,,,,,,,,,,,,,
fc-6417,6417,Furlanetto,P,Por,LAZ,,95d9f4dd,Alessio Furlanetto,https://fbref.com/en/players/95d9f4dd/Alessio-Furlanetto,confirmed,empty-template,Serie A,,,,,,,,,,,,,,
fc-6403,6403,Christensen O.,P,Por,FIO,,af104654,Oliver Christensen,https://fbref.com/en/players/af104654/Oliver-Christensen,confirmed,empty-template,Serie A,,,,,,,,,,,,,,
fc-5338,5338,Rinaldi,P,Por,PAR,,49124fc6,Filippo Rinaldi,https://fbref.com/en/players/49124fc6/Filippo-Rinaldi,confirmed,empty-template,Serie A,,,,,,,,,,,,,,
fc-5116,5116,Martinez Jo.,P,Por,INT,Afc Severgas Baronissi,11d8aff0,Josep Martínez,https://fbref.com/en/players/11d8aff0/Josep-Martinez,confirmed,empty-template,Serie A,,,,,,,,,,,,,,
fc-4929,4929,Ciocci,P,Por,CAG,,d6416327,Giuseppe Ciocci,https://fbref.com/en/players/d6416327/Giuseppe-Ciocci,confirmed,empty-template,Serie A,,,,,,,,,,,,,,
fc-2845,2845,Contini,P,Por,NAP,,e95069bb,Nikita Contini Baranovsky,https://fbref.com/en/players/e95069bb/Nikita-Contini-Baranovsky,confirmed,empty-template,Serie A,,,,,,,,,,,,,,
fc-2815,2815,Terracciano,P,Por,MIL,real mappine,e1b0a70d,Pietro Terracciano,https://fbref.com/en/players/e1b0a70d/Pietro-Terracciano,confirmed,empty-template,Serie A,,,,,,,,,,,,,,
fc-2809,2809,Vigorito,P,Por,COM,,582a251c,Mauro Vigorito,https://fbref.com/en/players/582a251c/Mauro-Vigorito,confirmed,empty-template,Serie A,,,,,,,,,,,,,,
fc-2401,2401,Fruchtl,P,Por,LEC,,1940be91,Christian Früchtl,https://fbref.com/en/players/1940be91/Christian-Fruchtl,confirmed,empty-template,Serie A,,,,,,,,,,,,,,
fc-2297,2297,Rossi F.,P,Por,ATA,,7b5f516f,Francesco Rossi,https://fbref.com/en/players/7b5f516f/Francesco-Rossi,confirmed,empty-template,Serie A,,,,,,,,,,,,,,
fc-2271,2271,Nicolas,P,Por,PIS,,326d09ef,Nícolas Andrade,https://fbref.com/en/players/326d09ef/Nicolas-Andrade,confirmed,empty-template,Serie A,,,,,,,,,,,,,,
fc-2211,2211,Silvestri,P,Por,CRE,,0d422df7,Marco Silvestri,https://fbref.com/en/players/0d422df7/Marco-Silvestri,confirmed,empty-template,Serie A,,,,,,,,,,,,,,
fc-2127,2127,Satalino,P,Por,SAS,,b1f0b916,Giacomo Satalino,https://fbref.com/en/players/b1f0b916/Giacomo-Satalino,confirmed,empty-template,Serie A,,,,,,,,,,,,,,
fc-1930,1930,Pinsoglio,P,Por,JUV,,f6a06749,Carlo Pinsoglio,https://fbref.com/en/players/f6a06749/Carlo-Pinsoglio,confirmed,empty-template,Serie A,,,,,,,,,,,,,,
fc-1926,1926,Di Gennaro,P,Por,INT,,7a4050d5,Raffaele Di Gennaro,https://fbref.com/en/players/7a4050d5/Raffaele-Di-Gennaro,confirmed,empty-template,Serie A,,,,,,,,,,,,,,
fc-610,610,Gollini,P,Por,ROM,FC DueFratelli2005,f0f7f62f,Pierluigi Gollini,https://fbref.com/en/players/f0f7f62f/Pierluigi-Gollini,confirmed,empty-template,Serie A,,,,,,,,,,,,,,
fc-574,574,Scuffet,P,Por,PIS,,41bd99ea,Simone Scuffet,https://fbref.com/en/players/41bd99ea/Simone-Scuffet,confirmed,empty-template,Serie A,,,,,,,,,,,,,,
fc-543,543,Padelli,P,Por,UDI,,cf1c23d8,Daniele Padelli,https://fbref.com/en/players/cf1c23d8/Daniele-Padelli,confirmed,empty-template,Serie A,,,,,,,,,,,,,,
fc-511,511,Perilli,P,Por,VER,,b9e11c1d,Simone Perilli,https://fbref.com/en/players/b9e11c1d/Simone-Perilli,confirmed,empty-template,Serie A,,,,,,,,,,,,,,
fc-219,219,Sommariva,P,Por,GEN,,a8e7f7e9,Daniele Sommariva,https://fbref.com/en/players/a8e7f7e9/Daniele-Sommariva,confirmed,empty-template,Serie A,,,,,,,,,,,,,,
fc-188,188,Leali,P,Por,GEN,,5f9970a0,Nicola Leali,https://fbref.com/en/players/5f9970a0/Nicola-Leali,confirmed,empty-template,Serie A,,,,,,,,,,,,,,
fc-158,158,Lezzerini,P,Por,FIO,,c9c32262,Luca Lezzerini,https://fbref.com/en/players/c9c32262/Luca-Lezzerini,confirmed,empty-template,Serie A,,,,,,,,,,,,,,
fc-4,4,Sportiello,P,Por,ATA,,ac4003af,Marco Sportiello,https://fbref.com/en/players/ac4003af/Marco-Sportiello,confirmed,empty-template,Serie A,,,,,,,,,,,,,,
