playerKey,playerName,classicRole,mantraRoles,realTeam,fantacalcioId,fbrefName,fbrefUrl,matchStatus,notes
"fc-5585","Malen","A","A","ROM","5585","","","unmapped",""
"fc-254","Dimarco","D","E","INT","254","","","unmapped",""
"fc-2764","Martinez L.","A","Pc","INT","2764","","","unmapped",""
"fc-4871","Thuram","A","Pc","INT","4871","","","unmapped",""
"fc-6875","Paz N.","C","T/A","COM","6875","","","unmapped",""
"fc-4777","McTominay","C","C/T","NAP","4777","","","unmapped",""
"fc-6052","Hojlund","A","Pc","NAP","6052","","","unmapped",""
"fc-7017","Douvikas","A","Pc","COM","7017","","","unmapped",""
"fc-2379","Rabiot","C","C/T","MIL","2379","","","unmapped",""
"fc-2194","Calhanoglu","C","M/C","INT","2194","","","unmapped",""
"fc-6434","Yildiz","A","A","JUV","6434","","","unmapped",""
"fc-2167","Orsolini","C","W/A","BOL","2167","","","unmapped",""
"fc-5637","Davis K.","A","Pc","UDI","5637","","","unmapped",""
"fc-4973","McKennie","C","M/C","JUV","4973","","","unmapped",""
"fc-5841","Svilar","P","Por","ROM","5841","","","unmapped",""
"fc-2841","Vlahovic","A","Pc","JUV","2841","","","unmapped",""
"fc-5687","Vlasic","C","T","TOR","5687","","","unmapped",""
"fc-2766","Zaniolo","C","T/A","UDI","2766","","","unmapped",""
"fc-2423","Pulisic","C","T/A","MIL","2423","","","unmapped",""
"fc-2061","Simeone","A","Pc","TOR","2061","","","unmapped",""
"fc-6435","Krstovic","A","Pc","ATA","6435","","","unmapped",""
"fc-2137","Scamacca","A","Pc","ATA","2137","","","unmapped",""
"fc-7126","Baturina","C","T","COM","7126","","","unmapped",""
"fc-6966","Butez","P","Por","COM","6966","","","unmapped",""
"fc-2517","De Bruyne","C","T","NAP","2517","","","unmapped",""
"fc-531","Berardi","A","A","SAS","531","","","unmapped",""
"fc-2606","Modric","C","C","MIL","2606","","","unmapped",""
"fc-4312","Maignan","P","Por","MIL","4312","","","unmapped",""
"fc-5734","Soulè","A","A","ROM","5734","","","unmapped",""
"fc-6908","Atta","C","C","UDI","6908","","","unmapped",""
"fc-6060","Laurientè","A","A","SAS","6060","","","unmapped",""
"fc-4510","Leao","A","A","MIL","4510","","","unmapped",""
"fc-5559","Da Cunha","C","C/W/T","COM","5559","","","unmapped",""
"fc-4431","Carnesecchi","P","Por","ATA","4431","","","unmapped",""
"fc-6832","Palestra","D","E","CAG","6832","","","unmapped",""
"fc-2788","Bremer","D","Dc","JUV","2788","","","unmapped",""
"fc-4463","Esposito Se.","A","A","CAG","4463","","","unmapped",""
"fc-4976","Kalulu","D","Dd/Dc","JUV","4976","","","unmapped",""
"fc-7023","Pellegrino M.","A","Pc","PAR","7023","","","unmapped",""
"fc-6717","Konè I.","C","M/C","SAS","6717","","","unmapped",""
"fc-6884","Conceicao","C","W/A","JUV","6884","","","unmapped",""
"fc-4159","Akanji","D","Dc","INT","4159","","","unmapped",""
"fc-1933","Mandragora","C","M/C","FIO","1933","","","unmapped",""
"fc-152","Zielinski","C","C/T","INT","152","","","unmapped",""
"fc-5022","Pavlovic","D","Dc","MIL","5022","","","unmapped",""
"fc-2428","Sommer","P","Por","INT","2428","","","unmapped",""
"fc-5995","De Ketelaere","A","A","ATA","5995","","","unmapped",""
"fc-1870","Barella","C","C","INT","1870","","","unmapped",""
"fc-5513","Dumfries","D","E","INT","5513","","","unmapped",""
"fc-2038","Pinamonti","A","Pc","SAS","2038","","","unmapped",""
"fc-6956","Solet","D","Dc","UDI","6956","","","unmapped",""
"fc-7351","Santos A.","C","W/A","NAP","7351","","","unmapped",""
"fc-2296","Mancini","D","Dc","ROM","2296","","","unmapped",""
"fc-7314","Taylor K.","C","C/T","LAZ","7314","","","unmapped",""
"fc-6684","Ekkelenkamp","C","C/T","UDI","6684","","","unmapped",""
"fc-4317","N'Dicka","D","Dc","ROM","4317","","","unmapped",""
"fc-309","Dybala","A","A","ROM","309","","","unmapped",""
"fc-6151","Perrone","C","M/C","COM","6151","","","unmapped",""
"fc-4486","Strefezza","C","W/A","PAR","4486","","","unmapped",""
"fc-5750","Ostigard","D","Dc","GEN","5750","","","unmapped",""
"fc-6844","Rowe","C","W/T","BOL","6844","","","unmapped",""
"fc-827","Locatelli","C","M/C","JUV","827","","","unmapped",""
"fc-7181","Wesley","D","E","ROM","7181","","","unmapped",""
"fc-4409","Rrahmani","D","Dc","NAP","4409","","","unmapped",""
"fc-4728","Nkunku","A","A","MIL","4728","","","unmapped",""
"fc-7071","Esposito F.P.","A","Pc","INT","7071","","","unmapped",""
"fc-5562","Thuram K.","C","M/C","JUV","5562","","","unmapped",""
"fc-6217","Bisseck","D","Dc","INT","6217","","","unmapped",""
"fc-2097","Kean","A","Pc","FIO","2097","","","unmapped",""
"fc-505","Bonazzoli","A","A","CRE","505","","","unmapped",""
"fc-5844","Thorstvedt","C","C/T","SAS","5844","","","unmapped",""
"fc-2120","Bastoni","D","Dc","INT","2120","","","unmapped",""
"fc-5589","Konè M.","C","M/C","ROM","5589","","","unmapped",""
"fc-4923","Colombo","A","Pc","GEN","4923","","","unmapped",""
"fc-4371","Raspadori","A","A","ATA","4371","","","unmapped",""
"fc-2832","Boga","A","W/A","JUV","2832","","","unmapped",""
"fc-2170","Milinkovic-Savic V.","P","Por","NAP","2170","","","unmapped",""
"fc-4892","Saelemaekers","C","E/W","MIL","4892","","","unmapped",""
"fc-6398","Isaksen","C","W/A","LAZ","6398","","","unmapped",""
"fc-5800","Gudmundsson A.","C","T/A","FIO","5800","","","unmapped",""
"fc-4465","Fagioli","C","C","FIO","4465","","","unmapped",""
"fc-2134","Falcone","P","Por","LEC","2134","","","unmapped",""
"fc-4427","Malinovskyi","C","C/T","GEN","4427","","","unmapped",""
"fc-7347","Bowie","A","A","VER","7347","","","unmapped",""
"fc-184","Bernardeschi","C","W/A","BOL","184","","","unmapped",""
"fc-1852","Spinazzola","D","Ds/E","NAP","1852","","","unmapped",""
"fc-2499","Vardy","A","Pc","CRE","2499","","","unmapped",""
"fc-536","Politano","C","W","NAP","536","","","unmapped",""
"fc-6967","Diao","A","W/A","COM","6967","","","unmapped",""
"fc-6572","Castro S.","A","Pc","BOL","6572","","","unmapped",""
"fc-5792","Ederson D.S.","C","M/C","ATA","5792","","","unmapped",""
"fc-5885","Dodò","D","E","FIO","5885","","","unmapped",""
"fc-5876","Di Gregorio","P","Por","JUV","5876","","","unmapped",""
"fc-5544","David","A","Pc","JUV","5544","","","unmapped",""
"fc-2816","Di Lorenzo","D","Dd/E","NAP","2816","","","unmapped",""
"fc-2521","De Gea","P","Por","FIO","2521","","","unmapped",""
"fc-7129","Rodriguez Je.","A","W/A","COM","7129","","","unmapped",""
"fc-6766","Kelly L.","D","Ds/Dc","JUV","6766","","","unmapped",""
"fc-779","Cristante","C","M/C","ROM","779","","","unmapped",""
"fc-5514","Vasquez","D","Ds/Dc","GEN","5514","","","unmapped",""
"fc-5455","Moreo","A","A","PIS","5455","","","unmapped",""
"fc-5674","Basic","C","C","LAZ","5674","","","unmapped",""
"fc-632","Zaccagni","C","W/A","LAZ","632","","","unmapped",""
"fc-6989","Tiago Gabriel","D","Dc","LEC","6989","","","unmapped",""
"fc-4807","Hermoso","D","Dc","ROM","4807","","","unmapped",""
"fc-4734","Miranda J.","D","Ds/E","BOL","4734","","","unmapped",""
"fc-6556","Noslin","A","A","LAZ","6556","","","unmapped",""
"fc-530","Pellegrini Lo.","C","C/T","ROM","530","","","unmapped",""
"fc-6646","Adams C.","A","A","TOR","6646","","","unmapped",""
"fc-6439","Cheddira","A","Pc","LEC","6439","","","unmapped",""
"fc-6666","Bernabè","C","C","PAR","6666","","","unmapped",""
"fc-5651","Harrison","C","W","FIO","5651","","","unmapped",""
"fc-6869","Ramon","D","Dc","COM","6869","","","unmapped",""
"fc-6001","Banda","A","W/A","LEC","6001","","","unmapped",""
"fc-6294","Ndour","C","M/C","FIO","6294","","","unmapped",""
"fc-22","De Roon","C","M/C","ATA","22","","","unmapped",""
"fc-6664","Delprato","D","B/Dd/E","PAR","6664","","","unmapped",""
"fc-5862","Valeri","D","Ds/E","PAR","5862","","","unmapped",""
"fc-5526","Scalvini","D","Dc","ATA","5526","","","unmapped",""
"fc-7070","Sucic P.","C","C","INT","7070","","","unmapped",""
"fc-5504","Coulibaly L.","C","M/C","LEC","5504","","","unmapped",""
"fc-4751","Tomori","D","Dc","MIL","4751","","","unmapped",""
"fc-6164","Vitinha O.","A","Pc","GEN","6164","","","unmapped",""
"fc-2489","Pedro","A","A","LAZ","2489","","","unmapped",""
"fc-5888","Casadei","C","C/T","TOR","5888","","","unmapped",""
"fc-4896","Maldini","C","T/A","LAZ","4896","","","unmapped",""
"fc-4287","Lobotka","C","M/C","NAP","4287","","","unmapped",""
"fc-4220","Zambo Anguissa","C","M/C","NAP","4220","","","unmapped",""
"fc-4360","Caprile","P","Por","CAG","4360","","","unmapped",""
"fc-572","Meret","P","Por","NAP","572","","","unmapped",""
"fc-5422","Zalewski","C","E/W","ATA","5422","","","unmapped",""
"fc-2160","Gosens","D","E","FIO","2160","","","unmapped",""
"fc-7342","Elphege","A","Pc","PAR","7342","","","unmapped",""
"fc-6380","Solomon","A","W/A","FIO","6380","","","unmapped",""
"fc-6898","Keita M.","C","M/C","PAR","6898","","","unmapped",""
"fc-5036","Caqueret","C","C/T","COM","5036","","","unmapped",""
"fc-4686","Fofana Y.","C","M/C","MIL","4686","","","unmapped",""
"fc-7155","Muharemovic","D","Dc","SAS","7155","","","unmapped",""
"fc-6893","Kempf","D","Dc","COM","6893","","","unmapped",""
"fc-5620","Tavares N.","D","Ds/E","LAZ","5620","","","unmapped",""
"fc-554","Zappacosta","D","E","ATA","554","","","unmapped",""
"fc-6190","Pisilli","C","C","ROM","6190","","","unmapped",""
"fc-5735","Volpato","C","W/T","SAS","5735","","","unmapped",""
"fc-333","Cataldi","C","M/C","LAZ","333","","","unmapped",""
"fc-6986","Rensch","D","B/Dd/E","ROM","6986","","","unmapped",""
"fc-6867","Valle","D","Ds/E","COM","6867","","","unmapped",""
"fc-6550","Garcia U.","D","B/Ds/E","SAS","6550","","","unmapped",""
"fc-5520","Cambiaso","D","E","JUV","5520","","","unmapped",""
"fc-7329","Obrador","D","Ds/E","TOR","7329","","","unmapped",""
"fc-5833","Gila","D","Dc","LAZ","5833","","","unmapped",""
"fc-460","Romagnoli","D","Dc","LAZ","460","","","unmapped",""
"fc-7374","Mendy P.","A","Pc","CAG","7374","","","unmapped",""
"fc-6669","Bonny","A","Pc","INT","6669","","","unmapped",""
"fc-6552","Orban G.","A","Pc","VER","6552","","","unmapped",""
"fc-6243","Borrelli","A","Pc","CAG","6243","","","unmapped",""
"fc-5336","Nzola","A","Pc","SAS","5336","","","unmapped",""
"fc-4359","Piccoli","A","Pc","FIO","4359","","","unmapped",""
"fc-608","Zapata D.","A","Pc","TOR","608","","","unmapped",""
"fc-7133","Vandeputte","C","W/T","CRE","7133","","","unmapped",""
"fc-6831","Neres","C","W/A","NAP","6831","","","unmapped",""
"fc-6680","Karlstrom","C","M/C","UDI","6680","","","unmapped",""
"fc-5823","Baldanzi","C","T/A","GEN","5823","","","unmapped",""
"fc-5791","Frendrup","C","M/C","GEN","5791","","","unmapped",""
"fc-4947","Brescianini","C","C/T","FIO","4947","","","unmapped",""
"fc-4364","Gaetano","C","T","CAG","4364","","","unmapped",""
"fc-4349","Nicolussi Caviglia","C","M/C","PAR","4349","","","unmapped",""
"fc-6496","Bartesaghi","D","Ds/E","MIL","6496","","","unmapped",""
"fc-5877","Carlos Augusto","D","B/Ds/E","INT","5877","","","unmapped",""
"fc-5555","Kamara H.","D","Ds/E","UDI","5555","","","unmapped",""
"fc-4502","Gallo","D","Ds/E","LEC","4502","","","unmapped",""
"fc-7337","Motta","P","Por","LAZ","7337","","","unmapped",""
"fc-2814","Provedel","P","Por","LAZ","2814","","","unmapped",""
"fc-6629","Dele-Bashiru","C","C/T","LAZ","6629","","","unmapped",""
"fc-6252","Folorunsho","C","C/T","CAG","6252","","","unmapped",""
"fc-2765","Odgaard","C","T/A","BOL","2765","","","unmapped",""
"fc-2529","Mkhitaryan","C","C/T","INT","2529","","","unmapped",""
"fc-2077","Pasalic","C","C/T","ATA","2077","","","unmapped",""
"fc-788","Freuler","C","M/C","BOL","788","","","unmapped",""
"fc-7240","Siebert","D","Dc","LEC","7240","","","unmapped",""
"fc-6814","Norton-Cuffy","D","Dd/E","GEN","6814","","","unmapped",""
"fc-6485","Kristensen T.","D","Dd/Dc","UDI","6485","","","unmapped",""
"fc-5840","Olivera","D","Ds/E","NAP","5840","","","unmapped",""
"fc-5010","Ismajli","D","Dc","TOR","5010","","","unmapped",""
"fc-4657","Celik","D","B/Dd/E","ROM","4657","","","unmapped",""
"fc-4401","Gabbia","D","Dc","MIL","4401","","","unmapped",""
"fc-6462","Okoye","P","Por","UDI","6462","","","unmapped",""
"fc-133","Skorupski","P","Por","BOL","133","","","unmapped",""
"fc-7318","Gandelman","C","C/T","LEC","7318","","","unmapped",""
"fc-6549","Pierotti","C","W/A","LEC","6549","","","unmapped",""
"fc-6486","Suslov","C","W/T","VER","6486","","","unmapped",""
"fc-6394","Ramadani","C","M/C","LEC","6394","","","unmapped",""
"fc-6274","Diouf","C","C","INT","6274","","","unmapped",""
"fc-5453","Ricci S.","C","M/C","MIL","5453","","","unmapped",""
"fc-5298","Pobega","C","M/C","BOL","5298","","","unmapped",""
"fc-4870","Adopo","C","M/C","CAG","4870","","","unmapped",""
"fc-4479","Elmas","C","W/T","NAP","4479","","","unmapped",""
"fc-2528","Matic","C","M/C","SAS","2528","","","unmapped",""
"fc-7143","Angori","D","Ds/E","PIS","7143","","","unmapped",""
"fc-6990","Veiga D.","D","Dd/E","LEC","6990","","","unmapped",""
"fc-6663","Circati","D","Dc","PAR","6663","","","unmapped",""
"fc-5835","Baschirotto","D","Dc","CRE","5835","","","unmapped",""
"fc-5701","Obert","D","Ds/Dc","CAG","5701","","","unmapped",""
"fc-2724","Buongiorno","D","Dc","NAP","2724","","","unmapped",""
"fc-787","Djimsiti","D","Dc","ATA","787","","","unmapped",""
"fc-7252","Stulic","A","Pc","LEC","7252","","","unmapped",""
"fc-7008","Gimenez","A","Pc","MIL","7008","","","unmapped",""
"fc-6365","Ferguson E.","A","Pc","ROM","6365","","","unmapped",""
"fc-5506","Ekuban","A","A","GEN","5506","","","unmapped",""
"fc-5500","Cancellieri","A","W/A","LAZ","5500","","","unmapped",""
"fc-2678","Fullkrug","A","Pc","MIL","2678","","","unmapped",""
"fc-7223","Vergara","C","W/T","NAP","7223","","","unmapped",""
"fc-7209","Sorensen O.","C","C","PAR","7209","","","unmapped",""
"fc-7146","Tourè I.","C","E/M","PIS","7146","","","unmapped",""
"fc-7138","Ordonez C.","C","M/C","PAR","7138","","","unmapped",""
"fc-6980","Venturino","C","W","ROM","6980","","","unmapped",""
"fc-5992","Bondo","C","M/C","CRE","5992","","","unmapped",""
"fc-5858","Ferguson","C","C/T","BOL","5858","","","unmapped",""
"fc-5813","Miretti","C","C/T","JUV","5813","","","unmapped",""
"fc-5784","Aebischer","C","C","PIS","5784","","","unmapped",""
"fc-5761","Zhegrova","C","W","JUV","5761","","","unmapped",""
"fc-5319","Sohm","C","C","BOL","5319","","","unmapped",""
"fc-5301","Luis Henrique","C","E/W","INT","5301","","","unmapped",""
"fc-5131","Gilmour","C","M/C","NAP","5131","","","unmapped",""
"fc-4970","Messias","C","C/W","GEN","4970","","","unmapped",""
"fc-4404","Thorsby","C","C/T","CRE","4404","","","unmapped",""
"fc-4284","Sergi Roberto","C","M/C","COM","4284","","","unmapped",""
"fc-4199","Loftus-Cheek","C","C/T","MIL","4199","","","unmapped",""
"fc-2334","Leris","C","W","PIS","2334","","","unmapped",""
"fc-1976","Mazzitelli","C","M/C","CAG","1976","","","unmapped",""
"fc-801","Gagliardini","C","M/C","VER","801","","","unmapped",""
"fc-7352","Edmundsson","D","Dc","VER","7352","","","unmapped",""
"fc-7235","Troilo","D","Dc","PAR","7235","","","unmapped",""
"fc-7220","Belghali","D","Dd/E","VER","7220","","","unmapped",""
"fc-7219","Bernasconi","D","E","ATA","7219","","","unmapped",""
"fc-7212","Heggem","D","Ds/Dc","BOL","7212","","","unmapped",""
"fc-7175","Joao Mario","D","E","BOL","7175","","","unmapped",""
"fc-7131","Floriani Mussolini","D","Dd/E","CRE","7131","","","unmapped",""
"fc-7014","Smolcic I.","D","Dd/Dc","COM","7014","","","unmapped",""
"fc-7012","Provstgaard","D","Dc","LAZ","7012","","","unmapped",""
"fc-6672","Idzes","D","Dc","SAS","6672","","","unmapped",""
"fc-6660","Marcandalli","D","Dc","GEN","6660","","","unmapped",""
"fc-6642","Coco","D","Dc","TOR","6642","","","unmapped",""
"fc-6639","Frese","D","Ds/E","VER","6639","","","unmapped",""
"fc-6426","Pedersen","D","Dd/E","TOR","6426","","","unmapped",""
"fc-6042","Lucumì","D","Dc","BOL","6042","","","unmapped",""
"fc-5603","Pongracic","D","Dc","FIO","5603","","","unmapped",""
"fc-5527","Zanoli","D","Dd/E","UDI","5527","","","unmapped",""
"fc-5449","Parisi","D","E","FIO","5449","","","unmapped",""
"fc-5427","Gutierrez","D","Ds/E","NAP","5427","","","unmapped",""
"fc-4994","Vojvoda","D","Dd/E","COM","4994","","","unmapped",""
"fc-4433","Zortea","D","E","BOL","4433","","","unmapped",""
"fc-4374","Walukiewicz","D","Dd/Dc","SAS","4374","","","unmapped",""
"fc-4210","Mina","D","Dc","CAG","4210","","","unmapped",""
"fc-4137","Diego Carlos","D","Dc","COM","4137","","","unmapped",""
"fc-2640","Kolasinac","D","B/Ds/E","ATA","2640","","","unmapped",""
"fc-2188","Marusic","D","Dd/Ds/E","LAZ","2188","","","unmapped",""
"fc-393","Luperto","D","Dc","CRE","393","","","unmapped",""
"fc-6981","Vaz","A","Pc","ROM","6981","","","unmapped",""
"fc-7341","Amorim","C","M/C","GEN","7341","","","unmapped",""
"fc-7331","Loyola","C","M/C","PIS","7331","","","unmapped",""
"fc-7208","Miller L.","C","M/C","UDI","7208","","","unmapped",""
"fc-7198","Piotrowski","C","C","UDI","7198","","","unmapped",""
"fc-7028","Bernede","C","C","VER","7028","","","unmapped",""
"fc-6593","Akinsanmiro","C","C/T","PIS","6593","","","unmapped",""
"fc-6424","Prati","C","M/C","TOR","6424","","","unmapped",""
"fc-6271","El Aynaoui","C","M/C","ROM","6271","","","unmapped",""
"fc-6112","Iling Junior","C","E/W","PIS","6112","","","unmapped",""
"fc-6054","Moro N.","C","M/C","BOL","6054","","","unmapped",""
"fc-5685","Koopmeiners","C","C/T","JUV","5685","","","unmapped",""
"fc-5295","Musah","C","C/W","ATA","5295","","","unmapped",""
"fc-5119","Samardzic","C","T","ATA","5119","","","unmapped",""
"fc-1871","Deiola","C","M/C","CAG","1871","","","unmapped",""
"fc-795","El Shaarawy","C","W","ROM","795","","","unmapped",""
"fc-7274","Zè Pedro","D","Dc","CAG","7274","","","unmapped",""
"fc-7139","Canestrelli","D","Dc","PIS","7139","","","unmapped",""
"fc-7018","Nelsson","D","Dc","VER","7018","","","unmapped",""
"fc-6631","Ghilardi","D","Dc","ROM","6631","","","unmapped",""
"fc-6495","Comuzzo","D","Dc","FIO","6495","","","unmapped",""
"fc-5812","Terracciano F.","D","Dd/Ds/E","CRE","5812","","","unmapped",""
"fc-5532","Bradaric","D","Ds/E","VER","5532","","","unmapped",""
"fc-4887","Bellanova","D","E","ATA","4887","","","unmapped",""
"fc-4385","Lazaro","D","Dd/E","TOR","4385","","","unmapped",""
"fc-2593","Martin","D","Ds/E","GEN","2593","","","unmapped",""
"fc-761","Audero","P","Por","CRE","761","","","unmapped",""
"fc-7001","N'Dri","A","W/A","LEC","7001","","","unmapped",""
"fc-4436","Cambiaghi","A","A","BOL","4436","","","unmapped",""
"fc-2531","Lukaku","A","Pc","NAP","2531","","","unmapped",""
"fc-479","Sanabria","A","Pc","CRE","479","","","unmapped",""
"fc-441","Belotti","A","Pc","CAG","441","","","unmapped",""
"fc-313","Morata","A","Pc","COM","313","","","unmapped",""
"fc-7203","Jashari","C","C","MIL","7203","","","unmapped",""
"fc-7145","Piccinini G.","C","E/M","PIS","7145","","","unmapped",""
"fc-6815","Fadera","C","W","SAS","6815","","","unmapped",""
"fc-6575","Zaragoza","C","W/A","ROM","6575","","","unmapped",""
"fc-6458","Serdar","C","C","VER","6458","","","unmapped",""
"fc-6218","Oristanio","C","W/T/A","PAR","6218","","","unmapped",""
"fc-6024","Sulemana I.","C","M/C","CAG","6024","","","unmapped",""
"fc-6020","Ellertsson","C","C/W","GEN","6020","","","unmapped",""
"fc-6010","Fazzini","C","C/T","FIO","6010","","","unmapped",""
"fc-5688","Harroui","C","W/T","VER","5688","","","unmapped",""
"fc-5318","Tramoni M.","C","W/T","PIS","5318","","","unmapped",""
"fc-5286","Akpa Akpro","C","M/C","VER","5286","","","unmapped",""
"fc-2848","Frattesi","C","C/T","INT","2848","","","unmapped",""
"fc-7268","Rodriguez Ju.","D","Ds/Dc","CAG","7268","","","unmapped",""
"fc-7253","Bella-Kotchap","D","Dc","VER","7253","","","unmapped",""
"fc-6916","Ahanor","D","B/Ds/E","ATA","6916","","","unmapped",""
"fc-6632","Gaspar K.","D","Dc","LEC","6632","","","unmapped",""
"fc-6202","Beukema","D","Dc","NAP","6202","","","unmapped",""
"fc-6047","Ehizibue","D","Dd/E","UDI","6047","","","unmapped",""
"fc-6046","Hien","D","Dc","ATA","6046","","","unmapped",""
"fc-6013","Barbieri","D","Dd/Ds/E","CRE","6013","","","unmapped",""
"fc-5851","Doig","D","Ds/E","SAS","5851","","","unmapped",""
"fc-5739","De Winter","D","Dd/Dc","MIL","5739","","","unmapped",""
"fc-5435","Moreno Alb.","D","Ds/E","COM","5435","","","unmapped",""
"fc-5307","Valenti","D","Dc","PAR","5307","","","unmapped",""
"fc-4378","Ranieri L.","D","Ds/Dc","FIO","4378","","","unmapped",""
"fc-2653","Lykogiannis","D","Ds/E","BOL","2653","","","unmapped",""
"fc-2273","Caracciolo A.","D","Dc","PIS","2273","","","unmapped",""
"fc-791","Sabelli","D","Dd/Ds/E","GEN","791","","","unmapped",""
"fc-770","Pezzella Giu.","D","Ds/E","CRE","770","","","unmapped",""
"fc-513","Acerbi","D","Dc","INT","513","","","unmapped",""
"fc-327","Patric","D","Dd/Dc","LAZ","327","","","unmapped",""
"fc-294","Rugani","D","Dc","FIO","294","","","unmapped",""
"fc-256","Juan Jesus","D","Ds/Dc","NAP","256","","","unmapped",""
"fc-7332","Bijlow","P","Por","GEN","7332","","","unmapped",""
"fc-218","Perin","P","Por","JUV","218","","","unmapped",""
"fc-7349","Kulenovic","A","Pc","TOR","7349","","","unmapped",""
"fc-7316","Durosinmi","A","Pc","PIS","7316","","","unmapped",""
"fc-7313","Ratkov","A","Pc","LAZ","7313","","","unmapped",""
"fc-7128","Kuhn","A","W/A","COM","7128","","","unmapped",""
"fc-7127","Addai","A","W/A","COM","7127","","","unmapped",""
"fc-6836","Meister","A","Pc","PIS","6836","","","unmapped",""
"fc-6643","Dallinga","A","Pc","BOL","6643","","","unmapped",""
"fc-5672","Dia","A","Pc","LAZ","5672","","","unmapped",""
"fc-7246","Sala A.","C","C","LEC","7246","","","unmapped",""
"fc-6984","Ondrejka","C","W/A","PAR","6984","","","unmapped",""
"fc-6889","Anjorin","C","C/T","TOR","6889","","","unmapped",""
"fc-6206","Fabbian","C","C/T","FIO","6206","","","unmapped",""
"fc-6170","Gineitis","C","C","TOR","6170","","","unmapped",""
"fc-6015","Berisha M.","C","C/T","LEC","6015","","","unmapped",""
"fc-5998","Zerbin","C","E/W","CRE","5998","","","unmapped",""
"fc-5850","Lovric","C","C","VER","5850","","","unmapped",""
"fc-5610","Vranckx","C","M/C","SAS","5610","","","unmapped",""
"fc-5540","Niasse","C","M/C","VER","5540","","","unmapped",""
"fc-4890","Tameze","C","M/C","TOR","4890","","","unmapped",""
"fc-2839","Sottil","C","W/A","LEC","2839","","","unmapped",""
"fc-7356","Mlacic","D","Dc","UDI","7356","","","unmapped",""
"fc-7260","Ziolkowski","D","Dc","ROM","7260","","","unmapped",""
"fc-7211","Athekame","D","Dd/E","MIL","7211","","","unmapped",""
"fc-7125","Idrissi R.","D","Ds/E","CAG","7125","","","unmapped",""
"fc-7069","Fortini","D","E","FIO","7069","","","unmapped",""
"fc-6977","Otoa","D","Dc","GEN","6977","","","unmapped",""
"fc-6039","Cabal","D","B/Ds/E","JUV","6039","","","unmapped",""
"fc-5820","Bertola","D","Dc","UDI","5820","","","unmapped",""
"fc-5498","Casale","D","Dc","BOL","5498","","","unmapped",""
"fc-4263","Kabasele","D","Dc","UDI","4263","","","unmapped",""
"fc-2728","Pellegrini Lu.","D","Ds/E","LAZ","2728","","","unmapped",""
"fc-2263","Lazzari","D","Dd/E","LAZ","2263","","","unmapped",""
"fc-612","Bianchetti","D","Dc","CRE","612","","","unmapped",""
"fc-322","De Vrij","D","Dc","INT","322","","","unmapped",""
"fc-5320","Paleari","P","Por","TOR","5320","","","unmapped",""
"fc-7249","Buksa","A","Pc","UDI","7249","","","unmapped",""
"fc-7183","Aboukhlal","A","A","TOR","7183","","","unmapped",""
"fc-7162","Giovane","A","A","NAP","7162","","","unmapped",""
"fc-7161","Bayo V.","A","Pc","UDI","7161","","","unmapped",""
"fc-6895","Dominguez B.","A","W/A","BOL","6895","","","unmapped",""
"fc-6822","Ekhator","A","A","GEN","6822","","","unmapped",""
"fc-6675","Dovbyk","A","Pc","ROM","6675","","","unmapped",""
"fc-6630","Mosquera","A","Pc","VER","6630","","","unmapped",""
"fc-6519","Camarda","A","Pc","LEC","6519","","","unmapped",""
"fc-6314","Openda","A","Pc","JUV","6314","","","unmapped",""
"fc-6159","Sarr A.","A","A","VER","6159","","","unmapped",""
"fc-5471","Djuric","A","Pc","CRE","5471","","","unmapped",""
"fc-7276","Cremaschi","C","C","PAR","7276","","","unmapped",""
"fc-7254","Lorran","C","T","PIS","7254","","","unmapped",""
"fc-7157","Iannoni","C","C","SAS","7157","","","unmapped",""
"fc-7149","Marin M.","C","M/C","PIS","7149","","","unmapped",""
"fc-7132","Collocolo","C","M/C","CRE","7132","","","unmapped",""
"fc-6481","Payero","C","C","CRE","6481","","","unmapped",""
"fc-6246","Lipani","C","M/C","SAS","6246","","","unmapped",""
"fc-6005","Ilkhan","C","C/T","TOR","6005","","","unmapped",""
"fc-5561","Stengs","C","W/T","PIS","5561","","","unmapped",""
"fc-5290","Estevez","C","M/C","PAR","5290","","","unmapped",""
"fc-5007","Ilic","C","C","TOR","5007","","","unmapped",""
"fc-4711","Kostic","C","E/W","JUV","4711","","","unmapped",""
"fc-4459","Rovella","C","M/C","LAZ","4459","","","unmapped",""
"fc-27","Grassi","C","M/C","CRE","27","","","unmapped",""
"fc-7335","Zatterstrom","D","Dc","GEN","7335","","","unmapped",""
"fc-7325","Bozhinov","D","Dc","PIS","7325","","","unmapped",""
"fc-7255","Britschgi","D","Dd/Ds/E","PAR","7255","","","unmapped",""
"fc-7130","Folino","D","Dc","CRE","7130","","","unmapped",""
"fc-6957","Valentini N.","D","Dc","VER","6957","","","unmapped",""
"fc-6896","Van Der Brempt","D","Dd/E","COM","6896","","","unmapped",""
"fc-6809","Marianucci","D","Dc","TOR","6809","","","unmapped",""
"fc-6230","Dossena","D","Dc","CAG","6230","","","unmapped",""
"fc-6211","Zemura","D","Ds/E","UDI","6211","","","unmapped",""
"fc-5831","Gatti","D","Dc","JUV","5831","","","unmapped",""
"fc-5678","Holm","D","Dd/E","JUV","5678","","","unmapped",""
"fc-5578","Kossounou","D","Dd/Dc","ATA","5578","","","unmapped",""
"fc-5273","Estupinan","D","Ds/E","MIL","5273","","","unmapped",""
"fc-5168","Tsimikas","D","Ds/E","ROM","5168","","","unmapped",""
"fc-5156","Nkounkou","D","Ds/E","TOR","5156","","","unmapped",""
"fc-4665","Maripan","D","Dc","TOR","4665","","","unmapped",""
"fc-4461","Zappa","D","B/Dd/E","CAG","4461","","","unmapped",""
"fc-2525","Darmian","D","B/Dd/E","INT","2525","","","unmapped",""
"fc-2279","Romagna","D","Dc","SAS","2279","","","unmapped",""
"fc-697","Cuadrado","D","E","PIS","697","","","unmapped",""
"fc-487","De Silvestri","D","Dd/E","BOL","487","","","unmapped",""
"fc-388","Albiol","D","Dc","PIS","388","","","unmapped",""
"fc-6641","Suzuki","P","Por","PAR","6641","","","unmapped",""
"fc-7344","Stojilkovic","A","Pc","PIS","7344","","","unmapped",""
"fc-7199","Kilicsoy","A","A","CAG","7199","","","unmapped",""
"fc-6207","Almqvist","A","W/A","PAR","6207","","","unmapped",""
"fc-5918","Sulemana K.","A","A","ATA","5918","","","unmapped",""
"fc-247","Pavoletti","A","Pc","CAG","247","","","unmapped",""
"fc-7147","Hojholt","C","M/C","PIS","7147","","","unmapped",""
"fc-7036","Bakola","C","C/T","SAS","7036","","","unmapped",""
"fc-7010","Al-Musrati","C","M/C","VER","7010","","","unmapped",""
"fc-6917","Masini","C","M/C","GEN","6917","","","unmapped",""
"fc-6640","Felici","C","W","CAG","6640","","","unmapped",""
"fc-6191","Belahyane","C","M/C","LAZ","6191","","","unmapped",""
"fc-5872","Helgason","C","C/T","LEC","5872","","","unmapped",""
"fc-7326","Helland","D","Dd/Dc","BOL","7326","","","unmapped",""
"fc-7182","Ndaba","D","Ds/E","LEC","7182","","","unmapped",""
"fc-7068","Vitik","D","Dc","BOL","7068","","","unmapped",""
"fc-7011","Slotsager","D","Dc","VER","7011","","","unmapped",""
"fc-5994","Ebosse","D","Ds/Dc","TOR","5994","","","unmapped",""
"fc-5481","Mazzocchi","D","Dd/Ds/E","NAP","5481","","","unmapped",""
"fc-4772","Angelino","D","E","ROM","4772","","","unmapped",""
"fc-2006","Lirola","D","B/Dd/E","VER","2006","","","unmapped",""
"fc-1891","Ceccherini","D","Dd/Dc","CRE","1891","","","unmapped",""
"fc-7345","Przyborek","C","W/T","LAZ","7345","","","unmapped",""
"fc-7319","Fofana Sa.","C","M/C","LEC","7319","","","unmapped",""
"fc-7165","Liteta","C","M/C","CAG","7165","","","unmapped",""
"fc-7150","Vural","C","C","PIS","7150","","","unmapped",""
"fc-6212","Zarraga","C","M/C","UDI","6212","","","unmapped",""
"fc-7222","Cham","D","Dd/Ds/E","VER","7222","","","unmapped",""
"fc-2745","Calabresi","D","B/Dd/E","PIS","2745","","","unmapped",""
"fc-418","Goldaniga","D","Dc","COM","418","","","unmapped",""
"fc-4236","Muric","P","Por","SAS","4236","","","unmapped",""
"fc-7213","Frigan","A","Pc","PAR","7213","","","unmapped",""
"fc-6555","Moumbagna","A","Pc","CRE","6555","","","unmapped",""
"fc-5515","Okereke","A","A","CRE","5515","","","unmapped",""
"fc-2012","Milik","A","Pc","JUV","2012","","","unmapped",""
"fc-7357","Lahdo","C","C/T","COM","7357","","","unmapped",""
"fc-5457","Maleh","C","M/C","CRE","5457","","","unmapped",""
"fc-4677","Cornet","C","W","GEN","4677","","","unmapped",""
"fc-7271","Odogu","D","Dc","MIL","7271","","","unmapped",""
"fc-7202","Ndiaye","D","Dc","PAR","7202","","","unmapped",""
"fc-6985","Candè","D","Ds/Dc","SAS","6985","","","unmapped",""
"fc-6870","Faye","D","Dc","CRE","6870","","","unmapped",""
"fc-252","Biraghi","D","Ds/E","TOR","252","","","unmapped",""
"fc-6662","Corvi","P","Por","PAR","6662","","","unmapped",""
"fc-4957","Montipò","P","Por","VER","4957","","","unmapped",""
"fc-4867","Turati","P","Por","SAS","4867","","","unmapped",""
"fc-6827","Njie","A","A","TOR","6827","","","unmapped",""
"fc-6538","Onana J.","C","M/C","GEN","6538","","","unmapped",""
"fc-6219","Boloca","C","M/C","SAS","6219","","","unmapped",""
"fc-5788","Sabiri","C","T","FIO","5788","","","unmapped",""
"fc-7377","Balbo","D","Ds/E","FIO","7377","","","unmapped",""
"fc-7196","Denoon","D","Dc","PIS","7196","","","unmapped",""
"fc-7140","Coppola F.","D","Dc","PIS","7140","","","unmapped",""
"fc-6992","Oyegoke","D","B/Dd/E","VER","6992","","","unmapped",""
"fc-6665","Coulibaly W.","D","Dd/Ds/E","SAS","6665","","","unmapped",""
"fc-6149","Carboni F.","D","Ds/E","PAR","6149","","","unmapped",""
"fc-140","Hysaj","D","Dd/Ds/E","LAZ","140","","","unmapped",""
"fc-7353","Pedro Felipe","D","Dc","SAS","7353","","","unmapped",""
"fc-7156","Pieragnolo","D","Ds/E","SAS","7156","","","unmapped",""
"fc-6883","Jean","D","Dc","LEC","6883","","","unmapped",""
"fc-5899","Gigot","D","Dc","LAZ","5899","","","unmapped",""
"fc-2861","Semper","P","Por","PIS","2861","","","unmapped",""
"fc-2722","Ravaglia F.","P","Por","BOL","2722","","","unmapped",""
"fc-6645","Marchwinski","C","T","LEC","6645","","","unmapped",""
"fc-7164","Perez M.","D","Dd/Dc","LEC","7164","","","unmapped",""
"fc-7172","Pessina Mas.","P","Por","BOL","7172","","","unmapped",""
"fc-7388","Mosconi","A","A","INT","7388","","","unmapped",""
"fc-7381","Mikolajewski","A","Pc","PAR","7381","","","unmapped",""
"fc-7368","Vermesan","A","Pc","VER","7368","","","unmapped",""
"fc-7338","Albarracin","A","A","CAG","7338","","","unmapped",""
"fc-7317","Trepy","A","Pc","CAG","7317","","","unmapped",""
"fc-7309","Isaac","A","Pc","VER","7309","","","unmapped",""
"fc-7277","Arena A.","A","Pc","ROM","7277","","","unmapped",""
"fc-7272","Gueye","A","Pc","UDI","7272","","","unmapped",""
"fc-7262","Balentien","A","A","MIL","7262","","","unmapped",""
"fc-7239","Braschi","A","Pc","FIO","7239","","","unmapped",""
"fc-7158","Moro L.","A","Pc","SAS","7158","","","unmapped",""
"fc-7322","Ngom","C","M/C","LEC","7322","","","unmapped",""
"fc-7248","Gorter","C","M/C","LEC","7248","","","unmapped",""
"fc-6677","Adzic","C","C/T","JUV","6677","","","unmapped",""
"fc-7346","Raterink","D","Dd/E","CAG","7346","","","unmapped",""
"fc-7312","Arizala","D","Ds/E","UDI","7312","","","unmapped",""
"fc-7238","Kouadio","D","Dc","FIO","7238","","","unmapped",""
"fc-7383","Giacomone","P","Por","LAZ","7383","","","unmapped",""
"fc-7382","Pannozzo","P","Por","LAZ","7382","","","unmapped",""
"fc-7363","Siviero","P","Por","TOR","7363","","","unmapped",""
"fc-7301","Tornqvist","P","Por","COM","7301","","","unmapped",""
"fc-7285","Ferrante","P","Por","NAP","7285","","","unmapped",""
"fc-7261","Cavlina","P","Por","COM","7261","","","unmapped",""
"fc-7236","Toniolo","P","Por","VER","7236","","","unmapped",""
"fc-7185","Nunziante","P","Por","UDI","7185","","","unmapped",""
"fc-7179","Israel","P","Por","TOR","7179","","","unmapped",""
"fc-7169","Zelezny","P","Por","ROM","7169","","","unmapped",""
"fc-7042","Calligaris","P","Por","INT","7042","","","unmapped",""
"fc-6991","Siegrist","P","Por","GEN","6991","","","unmapped",""
"fc-6842","Sava","P","Por","UDI","6842","","","unmapped",""
"fc-6813","Torriani","P","Por","MIL","6813","","","unmapped",""
"fc-6650","Sherri","P","Por","CAG","6650","","","unmapped",""
"fc-6523","Samooja","P","Por","LEC","6523","","","unmapped",""
"fc-6505","Nava","P","Por","CRE","6505","","","unmapped",""
"fc-6417","Furlanetto","P","Por","LAZ","6417","","","unmapped",""
"fc-6403","Christensen O.","P","Por","FIO","6403","","","unmapped",""
"fc-5338","Rinaldi","P","Por","PAR","5338","","","unmapped",""
"fc-5116","Martinez Jo.","P","Por","INT","5116","","","unmapped",""
"fc-4929","Ciocci","P","Por","CAG","4929","","","unmapped",""
"fc-2845","Contini","P","Por","NAP","2845","","","unmapped",""
"fc-2815","Terracciano","P","Por","MIL","2815","","","unmapped",""
"fc-2809","Vigorito","P","Por","COM","2809","","","unmapped",""
"fc-2401","Fruchtl","P","Por","LEC","2401","","","unmapped",""
"fc-2297","Rossi F.","P","Por","ATA","2297","","","unmapped",""
"fc-2271","Nicolas","P","Por","PIS","2271","","","unmapped",""
"fc-2211","Silvestri","P","Por","CRE","2211","","","unmapped",""
"fc-2127","Satalino","P","Por","SAS","2127","","","unmapped",""
"fc-1930","Pinsoglio","P","Por","JUV","1930","","","unmapped",""
"fc-1926","Di Gennaro","P","Por","INT","1926","","","unmapped",""
"fc-610","Gollini","P","Por","ROM","610","","","unmapped",""
"fc-574","Scuffet","P","Por","PIS","574","","","unmapped",""
"fc-543","Padelli","P","Por","UDI","543","","","unmapped",""
"fc-511","Perilli","P","Por","VER","511","","","unmapped",""
"fc-219","Sommariva","P","Por","GEN","219","","","unmapped",""
"fc-188","Leali","P","Por","GEN","188","","","unmapped",""
"fc-158","Lezzerini","P","Por","FIO","158","","","unmapped",""
"fc-4","Sportiello","P","Por","ATA","4","","","unmapped",""